agency_cd,site_no,datetime,tz_cd,176831_00065,176831_00065_cd
USGS,02130561,2018-09-20 00:00,EDT,89.79,P
USGS,02130561,2018-09-20 00:15,EDT,89.74,P
USGS,02130561,2018-09-20 00:30,EDT,89.74,P
USGS,02130561,2018-09-20 00:45,EDT,89.67,P
USGS,02130561,2018-09-20 01:00,EDT,89.65,P
USGS,02130561,2018-09-20 01:15,EDT,89.58,P
USGS,02130561,2018-09-20 01:30,EDT,89.61,P
USGS,02130561,2018-09-20 01:45,EDT,89.40,P
USGS,02130561,2018-09-20 02:00,EDT,89.54,P
USGS,02130561,2018-09-20 02:15,EDT,89.33,P
USGS,02130561,2018-09-20 02:30,EDT,89.43,P
USGS,02130561,2018-09-20 02:45,EDT,89.45,P
USGS,02130561,2018-09-20 03:00,EDT,89.33,P
USGS,02130561,2018-09-20 03:15,EDT,89.33,P
USGS,02130561,2018-09-20 03:30,EDT,89.17,P
USGS,02130561,2018-09-20 03:45,EDT,89.22,P
USGS,02130561,2018-09-20 04:00,EDT,89.32,P
USGS,02130561,2018-09-20 04:15,EDT,89.25,P
USGS,02130561,2018-09-20 04:30,EDT,89.14,P
USGS,02130561,2018-09-20 04:45,EDT,89.07,P
USGS,02130561,2018-09-20 05:00,EDT,89.13,P
USGS,02130561,2018-09-20 05:15,EDT,89.01,P
USGS,02130561,2018-09-20 05:30,EDT,89.12,P
USGS,02130561,2018-09-20 05:45,EDT,89.00,P
USGS,02130561,2018-09-20 06:00,EDT,88.91,P
USGS,02130561,2018-09-20 06:15,EDT,88.92,P
USGS,02130561,2018-09-20 06:30,EDT,88.91,P
USGS,02130561,2018-09-20 06:45,EDT,88.66,P
USGS,02130561,2018-09-20 07:00,EDT,88.79,P
USGS,02130561,2018-09-20 07:15,EDT,88.74,P
USGS,02130561,2018-09-20 07:30,EDT,88.60,P
USGS,02130561,2018-09-20 07:45,EDT,88.54,P
USGS,02130561,2018-09-20 08:00,EDT,88.49,P
USGS,02130561,2018-09-20 08:15,EDT,88.38,P
USGS,02130561,2018-09-20 08:30,EDT,88.47,P
USGS,02130561,2018-09-20 08:45,EDT,88.54,P
USGS,02130561,2018-09-20 09:00,EDT,88.28,P
USGS,02130561,2018-09-20 09:15,EDT,88.34,P
USGS,02130561,2018-09-20 09:30,EDT,88.21,P
USGS,02130561,2018-09-20 09:45,EDT,88.25,P
USGS,02130561,2018-09-20 10:00,EDT,88.42,P
USGS,02130561,2018-09-20 10:15,EDT,88.13,P
USGS,02130561,2018-09-20 10:30,EDT,88.14,P
USGS,02130561,2018-09-20 10:45,EDT,87.88,P
USGS,02130561,2018-09-20 11:00,EDT,87.89,P
USGS,02130561,2018-09-20 11:15,EDT,87.92,P
USGS,02130561,2018-09-20 11:30,EDT,87.94,P
USGS,02130561,2018-09-20 11:45,EDT,87.58,P
USGS,02130561,2018-09-20 12:00,EDT,87.62,P
USGS,02130561,2018-09-20 12:15,EDT,87.51,P
USGS,02130561,2018-09-20 12:30,EDT,87.70,P
USGS,02130561,2018-09-20 12:45,EDT,87.55,P
USGS,02130561,2018-09-20 13:00,EDT,87.49,P
USGS,02130561,2018-09-20 13:15,EDT,87.49,P
USGS,02130561,2018-09-20 13:30,EDT,87.42,P
USGS,02130561,2018-09-20 13:45,EDT,87.27,P
USGS,02130561,2018-09-20 14:00,EDT,87.23,P
USGS,02130561,2018-09-20 14:15,EDT,87.34,P
USGS,02130561,2018-09-20 14:30,EDT,87.11,P
USGS,02130561,2018-09-20 14:45,EDT,87.18,P
USGS,02130561,2018-09-20 15:00,EDT,87.23,P
USGS,02130561,2018-09-20 15:15,EDT,86.74,P
USGS,02130561,2018-09-20 15:30,EDT,86.76,P
USGS,02130561,2018-09-20 15:45,EDT,86.82,P
USGS,02130561,2018-09-20 16:00,EDT,86.70,P
USGS,02130561,2018-09-20 16:15,EDT,86.70,P
USGS,02130561,2018-09-20 16:30,EDT,86.97,P
USGS,02130561,2018-09-20 16:45,EDT,86.84,P
USGS,02130561,2018-09-20 17:00,EDT,86.55,P
USGS,02130561,2018-09-20 17:15,EDT,86.58,P
USGS,02130561,2018-09-20 17:30,EDT,86.02,P
USGS,02130561,2018-09-20 17:45,EDT,86.72,P
USGS,02130561,2018-09-20 18:00,EDT,86.39,P
USGS,02130561,2018-09-20 18:15,EDT,85.87,P
USGS,02130561,2018-09-20 18:30,EDT,86.07,P
USGS,02130561,2018-09-20 18:45,EDT,86.11,P
USGS,02130561,2018-09-20 19:00,EDT,85.97,P
USGS,02130561,2018-09-20 19:15,EDT,86.17,P
USGS,02130561,2018-09-20 19:30,EDT,85.85,P
USGS,02130561,2018-09-20 19:45,EDT,86.02,P
USGS,02130561,2018-09-20 20:00,EDT,85.96,P
USGS,02130561,2018-09-20 20:15,EDT,85.90,P
USGS,02130561,2018-09-20 20:30,EDT,85.80,P
USGS,02130561,2018-09-20 20:45,EDT,85.56,P
USGS,02130561,2018-09-20 21:00,EDT,85.17,P
USGS,02130561,2018-09-20 21:15,EDT,85.44,P
USGS,02130561,2018-09-20 21:30,EDT,85.50,P
USGS,02130561,2018-09-20 21:45,EDT,85.48,P
USGS,02130561,2018-09-20 22:00,EDT,85.39,P
USGS,02130561,2018-09-20 22:15,EDT,85.26,P
USGS,02130561,2018-09-20 22:30,EDT,85.27,P
USGS,02130561,2018-09-20 22:45,EDT,85.24,P
USGS,02130561,2018-09-20 23:00,EDT,85.38,P
USGS,02130561,2018-09-20 23:15,EDT,85.01,P
USGS,02130561,2018-09-20 23:30,EDT,85.37,P
USGS,02130561,2018-09-20 23:45,EDT,85.19,P
USGS,02130561,2018-09-21 00:00,EDT,84.54,P
USGS,02130561,2018-09-21 00:15,EDT,84.67,P
USGS,02130561,2018-09-21 00:30,EDT,84.82,P
USGS,02130561,2018-09-21 00:45,EDT,84.95,P
USGS,02130561,2018-09-21 01:00,EDT,84.87,P
USGS,02130561,2018-09-21 01:15,EDT,84.58,P
USGS,02130561,2018-09-21 01:30,EDT,84.66,P
USGS,02130561,2018-09-21 01:45,EDT,84.31,P
USGS,02130561,2018-09-21 02:00,EDT,83.84,P
USGS,02130561,2018-09-21 02:15,EDT,84.16,P
USGS,02130561,2018-09-21 02:30,EDT,83.86,P
USGS,02130561,2018-09-21 02:45,EDT,83.67,P
USGS,02130561,2018-09-21 03:00,EDT,83.95,P
USGS,02130561,2018-09-21 03:15,EDT,84.09,P
USGS,02130561,2018-09-21 03:30,EDT,83.60,P
USGS,02130561,2018-09-21 03:45,EDT,83.64,P
USGS,02130561,2018-09-21 04:00,EDT,83.90,P
USGS,02130561,2018-09-21 04:15,EDT,83.85,P
USGS,02130561,2018-09-21 04:30,EDT,83.86,P
USGS,02130561,2018-09-21 04:45,EDT,84.11,P
USGS,02130561,2018-09-21 05:00,EDT,83.87,P
USGS,02130561,2018-09-21 05:15,EDT,83.61,P
USGS,02130561,2018-09-21 05:30,EDT,83.49,P
USGS,02130561,2018-09-21 05:45,EDT,83.47,P
USGS,02130561,2018-09-21 06:00,EDT,83.48,P
USGS,02130561,2018-09-21 06:15,EDT,83.42,P
USGS,02130561,2018-09-21 06:30,EDT,83.43,P
USGS,02130561,2018-09-21 06:45,EDT,83.40,P
USGS,02130561,2018-09-21 07:00,EDT,83.24,P
USGS,02130561,2018-09-21 07:15,EDT,83.12,P
USGS,02130561,2018-09-21 07:30,EDT,83.24,P
USGS,02130561,2018-09-21 07:45,EDT,83.04,P
USGS,02130561,2018-09-21 08:00,EDT,82.98,P
USGS,02130561,2018-09-21 08:15,EDT,83.17,P
USGS,02130561,2018-09-21 08:30,EDT,82.84,P
USGS,02130561,2018-09-21 08:45,EDT,82.91,P
USGS,02130561,2018-09-21 09:00,EDT,82.74,P
USGS,02130561,2018-09-21 09:15,EDT,82.71,P
USGS,02130561,2018-09-21 09:30,EDT,82.79,P
USGS,02130561,2018-09-21 09:45,EDT,82.60,P
USGS,02130561,2018-09-21 10:00,EDT,82.54,P
USGS,02130561,2018-09-21 10:15,EDT,82.55,P
USGS,02130561,2018-09-21 10:30,EDT,82.53,P
USGS,02130561,2018-09-21 10:45,EDT,82.41,P
USGS,02130561,2018-09-21 11:00,EDT,82.34,P
USGS,02130561,2018-09-21 11:15,EDT,82.23,P
USGS,02130561,2018-09-21 11:30,EDT,82.16,P
USGS,02130561,2018-09-21 11:45,EDT,81.97,P
USGS,02130561,2018-09-21 12:00,EDT,82.04,P
USGS,02130561,2018-09-21 12:15,EDT,81.99,P
USGS,02130561,2018-09-21 12:30,EDT,82.01,P
USGS,02130561,2018-09-21 12:45,EDT,82.08,P
USGS,02130561,2018-09-21 13:00,EDT,81.81,P
USGS,02130561,2018-09-21 13:15,EDT,81.86,P
USGS,02130561,2018-09-21 13:30,EDT,81.84,P
USGS,02130561,2018-09-21 13:45,EDT,81.78,P
USGS,02130561,2018-09-21 14:00,EDT,81.69,P
USGS,02130561,2018-09-21 14:15,EDT,81.52,P
USGS,02130561,2018-09-21 14:30,EDT,81.31,P
USGS,02130561,2018-09-21 14:45,EDT,81.29,P
USGS,02130561,2018-09-21 15:00,EDT,81.42,P
USGS,02130561,2018-09-21 15:15,EDT,81.39,P
USGS,02130561,2018-09-21 15:30,EDT,81.44,P
USGS,02130561,2018-09-21 15:45,EDT,81.19,P
USGS,02130561,2018-09-21 16:00,EDT,81.01,P
USGS,02130561,2018-09-21 16:15,EDT,81.02,P
USGS,02130561,2018-09-21 16:30,EDT,80.92,P
USGS,02130561,2018-09-21 16:45,EDT,80.86,P
USGS,02130561,2018-09-21 17:00,EDT,80.88,P
USGS,02130561,2018-09-21 17:15,EDT,80.65,P
USGS,02130561,2018-09-21 17:30,EDT,80.88,P
USGS,02130561,2018-09-21 17:45,EDT,80.37,P
USGS,02130561,2018-09-21 18:00,EDT,80.54,P
USGS,02130561,2018-09-21 18:15,EDT,80.48,P
USGS,02130561,2018-09-21 18:30,EDT,80.13,P
USGS,02130561,2018-09-21 18:45,EDT,80.29,P
USGS,02130561,2018-09-21 19:00,EDT,80.20,P
USGS,02130561,2018-09-21 19:15,EDT,80.21,P
USGS,02130561,2018-09-21 19:30,EDT,79.99,P
USGS,02130561,2018-09-21 19:45,EDT,79.99,P
USGS,02130561,2018-09-21 20:00,EDT,79.94,P
USGS,02130561,2018-09-21 20:15,EDT,79.68,P
USGS,02130561,2018-09-21 20:30,EDT,79.66,P
USGS,02130561,2018-09-21 20:45,EDT,79.53,P
USGS,02130561,2018-09-21 21:00,EDT,79.68,P
USGS,02130561,2018-09-21 21:15,EDT,79.52,P
USGS,02130561,2018-09-21 21:30,EDT,79.36,P
USGS,02130561,2018-09-21 21:45,EDT,79.38,P
USGS,02130561,2018-09-21 22:00,EDT,79.26,P
USGS,02130561,2018-09-21 22:15,EDT,79.14,P
USGS,02130561,2018-09-21 22:30,EDT,79.16,P
USGS,02130561,2018-09-21 22:45,EDT,78.91,P
USGS,02130561,2018-09-21 23:00,EDT,78.80,P
USGS,02130561,2018-09-21 23:15,EDT,78.86,P
USGS,02130561,2018-09-21 23:30,EDT,78.67,P
USGS,02130561,2018-09-21 23:45,EDT,78.72,P
USGS,02130561,2018-09-22 00:00,EDT,78.52,P
USGS,02130561,2018-09-22 00:15,EDT,78.58,P
USGS,02130561,2018-09-22 00:30,EDT,78.43,P
USGS,02130561,2018-09-22 00:45,EDT,78.46,P
USGS,02130561,2018-09-22 01:00,EDT,78.16,P
USGS,02130561,2018-09-22 01:15,EDT,78.28,P
USGS,02130561,2018-09-22 01:30,EDT,78.24,P
USGS,02130561,2018-09-22 01:45,EDT,77.92,P
USGS,02130561,2018-09-22 02:00,EDT,78.00,P
USGS,02130561,2018-09-22 02:15,EDT,77.79,P
USGS,02130561,2018-09-22 02:30,EDT,77.92,P
USGS,02130561,2018-09-22 02:45,EDT,77.97,P
USGS,02130561,2018-09-22 03:00,EDT,77.64,P
USGS,02130561,2018-09-22 03:15,EDT,77.73,P
USGS,02130561,2018-09-22 03:30,EDT,77.66,P
USGS,02130561,2018-09-22 03:45,EDT,77.65,P
USGS,02130561,2018-09-22 04:00,EDT,77.48,P
USGS,02130561,2018-09-22 04:15,EDT,77.49,P
USGS,02130561,2018-09-22 04:30,EDT,77.62,P
USGS,02130561,2018-09-22 04:45,EDT,77.58,P
USGS,02130561,2018-09-22 05:00,EDT,77.62,P
USGS,02130561,2018-09-22 05:15,EDT,77.61,P
USGS,02130561,2018-09-22 05:30,EDT,77.50,P
USGS,02130561,2018-09-22 05:45,EDT,77.48,P
USGS,02130561,2018-09-22 06:00,EDT,77.51,P
USGS,02130561,2018-09-22 06:15,EDT,77.34,P
USGS,02130561,2018-09-22 06:30,EDT,77.61,P
USGS,02130561,2018-09-22 06:45,EDT,77.44,P
USGS,02130561,2018-09-22 07:00,EDT,77.30,P
USGS,02130561,2018-09-22 07:15,EDT,77.37,P
USGS,02130561,2018-09-22 07:30,EDT,77.25,P
USGS,02130561,2018-09-22 07:45,EDT,77.43,P
USGS,02130561,2018-09-22 08:00,EDT,77.31,P
USGS,02130561,2018-09-22 08:15,EDT,77.26,P
USGS,02130561,2018-09-22 08:30,EDT,77.35,P
USGS,02130561,2018-09-22 08:45,EDT,77.38,P
USGS,02130561,2018-09-22 09:00,EDT,77.32,P
USGS,02130561,2018-09-22 09:15,EDT,77.23,P
USGS,02130561,2018-09-22 09:30,EDT,77.15,P
USGS,02130561,2018-09-22 09:45,EDT,77.13,P
USGS,02130561,2018-09-22 10:00,EDT,77.24,P
USGS,02130561,2018-09-22 10:15,EDT,76.89,P
USGS,02130561,2018-09-22 10:30,EDT,76.85,P
USGS,02130561,2018-09-22 10:45,EDT,76.83,P
USGS,02130561,2018-09-22 11:00,EDT,76.72,P
USGS,02130561,2018-09-22 11:15,EDT,76.77,P
USGS,02130561,2018-09-22 11:30,EDT,76.89,P
USGS,02130561,2018-09-22 11:45,EDT,76.69,P
USGS,02130561,2018-09-22 12:00,EDT,76.73,P
USGS,02130561,2018-09-22 12:15,EDT,76.62,P
USGS,02130561,2018-09-22 12:30,EDT,76.49,P
USGS,02130561,2018-09-22 12:45,EDT,76.45,P
USGS,02130561,2018-09-22 13:00,EDT,76.39,P
USGS,02130561,2018-09-22 13:15,EDT,76.46,P
USGS,02130561,2018-09-22 13:30,EDT,76.26,P
USGS,02130561,2018-09-22 13:45,EDT,76.32,P
USGS,02130561,2018-09-22 14:00,EDT,76.19,P
USGS,02130561,2018-09-22 14:15,EDT,76.26,P
USGS,02130561,2018-09-22 14:30,EDT,76.19,P
USGS,02130561,2018-09-22 14:45,EDT,76.02,P
USGS,02130561,2018-09-22 15:00,EDT,76.05,P
USGS,02130561,2018-09-22 15:15,EDT,75.76,P
USGS,02130561,2018-09-22 15:30,EDT,75.81,P
USGS,02130561,2018-09-22 15:45,EDT,75.83,P
USGS,02130561,2018-09-22 16:00,EDT,75.67,P
USGS,02130561,2018-09-22 16:15,EDT,75.49,P
USGS,02130561,2018-09-22 16:30,EDT,75.56,P
USGS,02130561,2018-09-22 16:45,EDT,75.44,P
USGS,02130561,2018-09-22 17:00,EDT,75.47,P
USGS,02130561,2018-09-22 17:15,EDT,75.31,P
USGS,02130561,2018-09-22 17:30,EDT,75.23,P
USGS,02130561,2018-09-22 17:45,EDT,75.17,P
USGS,02130561,2018-09-22 18:00,EDT,75.06,P
USGS,02130561,2018-09-22 18:15,EDT,75.15,P
USGS,02130561,2018-09-22 18:30,EDT,75.02,P
USGS,02130561,2018-09-22 18:45,EDT,74.76,P
USGS,02130561,2018-09-22 19:00,EDT,74.83,P
USGS,02130561,2018-09-22 19:15,EDT,74.63,P
USGS,02130561,2018-09-22 19:30,EDT,74.62,P
USGS,02130561,2018-09-22 19:45,EDT,74.57,P
USGS,02130561,2018-09-22 20:00,EDT,74.43,P
USGS,02130561,2018-09-22 20:15,EDT,74.44,P
USGS,02130561,2018-09-22 20:30,EDT,74.40,P
USGS,02130561,2018-09-22 20:45,EDT,74.21,P
USGS,02130561,2018-09-22 21:00,EDT,74.01,P
USGS,02130561,2018-09-22 21:15,EDT,74.05,P
USGS,02130561,2018-09-22 21:30,EDT,74.01,P
USGS,02130561,2018-09-22 21:45,EDT,73.93,P
USGS,02130561,2018-09-22 22:00,EDT,73.81,P
USGS,02130561,2018-09-22 22:15,EDT,73.77,P
USGS,02130561,2018-09-22 22:30,EDT,73.65,P
USGS,02130561,2018-09-22 22:45,EDT,73.59,P
USGS,02130561,2018-09-22 23:00,EDT,73.46,P
USGS,02130561,2018-09-22 23:15,EDT,73.36,P
USGS,02130561,2018-09-22 23:30,EDT,73.27,P
USGS,02130561,2018-09-22 23:45,EDT,73.14,P
USGS,02130561,2018-09-23 00:00,EDT,73.10,P
USGS,02130561,2018-09-23 00:15,EDT,73.01,P
USGS,02130561,2018-09-23 00:30,EDT,72.94,P
USGS,02130561,2018-09-23 00:45,EDT,72.87,P
USGS,02130561,2018-09-23 01:00,EDT,72.90,P
USGS,02130561,2018-09-23 01:15,EDT,72.86,P
USGS,02130561,2018-09-23 01:30,EDT,72.71,P
USGS,02130561,2018-09-23 01:45,EDT,72.69,P
USGS,02130561,2018-09-23 02:00,EDT,72.61,P
USGS,02130561,2018-09-23 02:15,EDT,72.53,P
USGS,02130561,2018-09-23 02:30,EDT,72.48,P
USGS,02130561,2018-09-23 02:45,EDT,72.45,P
USGS,02130561,2018-09-23 03:00,EDT,72.20,P
USGS,02130561,2018-09-23 03:15,EDT,72.32,P
USGS,02130561,2018-09-23 03:30,EDT,72.28,P
USGS,02130561,2018-09-23 03:45,EDT,72.25,P
USGS,02130561,2018-09-23 04:00,EDT,72.29,P
USGS,02130561,2018-09-23 04:15,EDT,72.35,P
USGS,02130561,2018-09-23 04:30,EDT,72.42,P
USGS,02130561,2018-09-23 04:45,EDT,72.14,P
USGS,02130561,2018-09-23 05:00,EDT,72.34,P
USGS,02130561,2018-09-23 05:15,EDT,72.29,P
USGS,02130561,2018-09-23 05:30,EDT,72.33,P
USGS,02130561,2018-09-23 05:45,EDT,72.37,P
USGS,02130561,2018-09-23 06:00,EDT,72.36,P
USGS,02130561,2018-09-23 06:15,EDT,72.39,P
USGS,02130561,2018-09-23 06:30,EDT,72.38,P
USGS,02130561,2018-09-23 06:45,EDT,72.34,P
USGS,02130561,2018-09-23 07:00,EDT,72.41,P
USGS,02130561,2018-09-23 07:15,EDT,72.39,P
USGS,02130561,2018-09-23 07:30,EDT,72.48,P
USGS,02130561,2018-09-23 07:45,EDT,72.46,P
USGS,02130561,2018-09-23 08:00,EDT,72.43,P
USGS,02130561,2018-09-23 08:15,EDT,72.48,P
USGS,02130561,2018-09-23 08:30,EDT,72.48,P
USGS,02130561,2018-09-23 08:45,EDT,72.53,P
USGS,02130561,2018-09-23 09:00,EDT,72.50,P
USGS,02130561,2018-09-23 09:15,EDT,72.45,P
USGS,02130561,2018-09-23 09:30,EDT,72.54,P
USGS,02130561,2018-09-23 09:45,EDT,72.54,P
USGS,02130561,2018-09-23 10:00,EDT,72.46,P
USGS,02130561,2018-09-23 10:15,EDT,72.43,P
USGS,02130561,2018-09-23 10:30,EDT,72.44,P
USGS,02130561,2018-09-23 10:45,EDT,72.40,P
USGS,02130561,2018-09-23 11:00,EDT,72.31,P
USGS,02130561,2018-09-23 11:15,EDT,72.47,P
USGS,02130561,2018-09-23 11:30,EDT,72.23,P
USGS,02130561,2018-09-23 11:45,EDT,72.29,P
USGS,02130561,2018-09-23 12:00,EDT,72.39,P
USGS,02130561,2018-09-23 12:15,EDT,72.12,P
USGS,02130561,2018-09-23 12:30,EDT,72.19,P
USGS,02130561,2018-09-23 12:45,EDT,72.29,P
USGS,02130561,2018-09-23 13:00,EDT,72.18,P
USGS,02130561,2018-09-23 13:15,EDT,71.89,P
USGS,02130561,2018-09-23 13:30,EDT,72.00,P
USGS,02130561,2018-09-23 13:45,EDT,71.91,P
USGS,02130561,2018-09-23 14:00,EDT,71.76,P
USGS,02130561,2018-09-23 14:15,EDT,71.91,P
USGS,02130561,2018-09-23 14:30,EDT,71.80,P
USGS,02130561,2018-09-23 14:45,EDT,71.79,P
USGS,02130561,2018-09-23 15:00,EDT,71.61,P
USGS,02130561,2018-09-23 15:15,EDT,71.60,P
USGS,02130561,2018-09-23 15:30,EDT,71.53,P
USGS,02130561,2018-09-23 15:45,EDT,71.54,P
USGS,02130561,2018-09-23 16:00,EDT,71.37,P
USGS,02130561,2018-09-23 16:15,EDT,71.39,P
USGS,02130561,2018-09-23 16:30,EDT,71.21,P
USGS,02130561,2018-09-23 16:45,EDT,71.02,P
USGS,02130561,2018-09-23 17:00,EDT,71.07,P
USGS,02130561,2018-09-23 17:15,EDT,71.02,P
USGS,02130561,2018-09-23 17:30,EDT,71.01,P
USGS,02130561,2018-09-23 17:45,EDT,70.84,P
USGS,02130561,2018-09-23 18:00,EDT,70.70,P
USGS,02130561,2018-09-23 18:15,EDT,70.61,P
USGS,02130561,2018-09-23 18:30,EDT,70.61,P
USGS,02130561,2018-09-23 18:45,EDT,70.64,P
USGS,02130561,2018-09-23 19:00,EDT,70.65,P
USGS,02130561,2018-09-23 19:15,EDT,70.36,P
USGS,02130561,2018-09-23 19:30,EDT,70.33,P
USGS,02130561,2018-09-23 19:45,EDT,70.13,P
USGS,02130561,2018-09-23 20:00,EDT,70.16,P
USGS,02130561,2018-09-23 20:15,EDT,70.02,P
USGS,02130561,2018-09-23 20:30,EDT,69.83,P
USGS,02130561,2018-09-23 20:45,EDT,69.89,P
USGS,02130561,2018-09-23 21:00,EDT,69.75,P
USGS,02130561,2018-09-23 21:15,EDT,69.71,P
USGS,02130561,2018-09-23 21:30,EDT,69.61,P
USGS,02130561,2018-09-23 21:45,EDT,69.44,P
USGS,02130561,2018-09-23 22:00,EDT,69.41,P
USGS,02130561,2018-09-23 22:15,EDT,69.35,P
USGS,02130561,2018-09-23 22:30,EDT,69.44,P
USGS,02130561,2018-09-23 22:45,EDT,69.16,P
USGS,02130561,2018-09-23 23:00,EDT,69.10,P
USGS,02130561,2018-09-23 23:15,EDT,68.75,P
USGS,02130561,2018-09-23 23:30,EDT,68.86,P
USGS,02130561,2018-09-23 23:45,EDT,68.97,P
USGS,02130561,2018-09-24 00:00,EDT,68.78,P
USGS,02130561,2018-09-24 00:15,EDT,68.39,P
USGS,02130561,2018-09-24 00:30,EDT,68.46,P
USGS,02130561,2018-09-24 00:45,EDT,68.46,P
USGS,02130561,2018-09-24 01:00,EDT,68.39,P
USGS,02130561,2018-09-24 01:15,EDT,68.38,P
USGS,02130561,2018-09-24 01:30,EDT,68.19,P
USGS,02130561,2018-09-24 01:45,EDT,68.09,P
USGS,02130561,2018-09-24 02:00,EDT,68.18,P
USGS,02130561,2018-09-24 02:15,EDT,68.07,P
USGS,02130561,2018-09-24 02:30,EDT,67.92,P
USGS,02130561,2018-09-24 02:45,EDT,68.06,P
USGS,02130561,2018-09-24 03:00,EDT,67.92,P
USGS,02130561,2018-09-24 03:15,EDT,67.91,P
USGS,02130561,2018-09-24 03:30,EDT,67.88,P
USGS,02130561,2018-09-24 03:45,EDT,67.83,P
USGS,02130561,2018-09-24 04:00,EDT,67.90,P
USGS,02130561,2018-09-24 04:15,EDT,67.87,P
USGS,02130561,2018-09-24 04:30,EDT,67.76,P
USGS,02130561,2018-09-24 04:45,EDT,67.82,P
USGS,02130561,2018-09-24 05:00,EDT,67.87,P
USGS,02130561,2018-09-24 05:15,EDT,67.69,P
USGS,02130561,2018-09-24 05:30,EDT,67.86,P
USGS,02130561,2018-09-24 05:45,EDT,67.91,P
USGS,02130561,2018-09-24 06:00,EDT,68.02,P
USGS,02130561,2018-09-24 06:15,EDT,68.06,P
USGS,02130561,2018-09-24 06:30,EDT,68.12,P
USGS,02130561,2018-09-24 06:45,EDT,68.14,P
USGS,02130561,2018-09-24 07:00,EDT,68.23,P
USGS,02130561,2018-09-24 07:15,EDT,68.26,P
USGS,02130561,2018-09-24 07:30,EDT,68.34,P
USGS,02130561,2018-09-24 07:45,EDT,68.44,P
USGS,02130561,2018-09-24 08:00,EDT,68.45,P
USGS,02130561,2018-09-24 08:15,EDT,68.37,P
USGS,02130561,2018-09-24 08:30,EDT,68.51,P
USGS,02130561,2018-09-24 08:45,EDT,68.60,P
USGS,02130561,2018-09-24 09:00,EDT,68.75,P
USGS,02130561,2018-09-24 09:15,EDT,68.70,P
USGS,02130561,2018-09-24 09:30,EDT,68.74,P
USGS,02130561,2018-09-24 09:45,EDT,68.89,P
USGS,02130561,2018-09-24 10:00,EDT,68.90,P
USGS,02130561,2018-09-24 10:15,EDT,68.86,P
USGS,02130561,2018-09-24 10:30,EDT,68.90,P
USGS,02130561,2018-09-24 10:45,EDT,69.01,P
USGS,02130561,2018-09-24 11:00,EDT,69.00,P
USGS,02130561,2018-09-24 11:15,EDT,69.07,P
USGS,02130561,2018-09-24 11:30,EDT,69.02,P
USGS,02130561,2018-09-24 11:45,EDT,69.08,P
USGS,02130561,2018-09-24 12:00,EDT,69.02,P
USGS,02130561,2018-09-24 12:15,EDT,68.91,P
USGS,02130561,2018-09-24 12:30,EDT,69.05,P
USGS,02130561,2018-09-24 12:45,EDT,68.94,P
USGS,02130561,2018-09-24 13:00,EDT,69.06,P
USGS,02130561,2018-09-24 13:15,EDT,69.02,P
USGS,02130561,2018-09-24 13:30,EDT,69.03,P
USGS,02130561,2018-09-24 13:45,EDT,68.95,P
USGS,02130561,2018-09-24 14:00,EDT,69.01,P
USGS,02130561,2018-09-24 14:15,EDT,68.96,P
USGS,02130561,2018-09-24 14:30,EDT,68.89,P
USGS,02130561,2018-09-24 14:45,EDT,68.86,P
USGS,02130561,2018-09-24 15:00,EDT,68.89,P
USGS,02130561,2018-09-24 15:15,EDT,68.91,P
USGS,02130561,2018-09-24 15:30,EDT,68.49,P
USGS,02130561,2018-09-24 15:45,EDT,68.60,P
USGS,02130561,2018-09-24 16:00,EDT,68.66,P
USGS,02130561,2018-09-24 16:15,EDT,68.56,P
USGS,02130561,2018-09-24 16:30,EDT,68.41,P
USGS,02130561,2018-09-24 16:45,EDT,68.37,P
USGS,02130561,2018-09-24 17:00,EDT,68.48,P
USGS,02130561,2018-09-24 17:15,EDT,68.22,P
USGS,02130561,2018-09-24 17:30,EDT,68.21,P
USGS,02130561,2018-09-24 17:45,EDT,68.10,P
USGS,02130561,2018-09-24 18:00,EDT,68.19,P
USGS,02130561,2018-09-24 18:15,EDT,68.19,P
USGS,02130561,2018-09-24 18:30,EDT,68.13,P
USGS,02130561,2018-09-24 18:45,EDT,67.99,P
USGS,02130561,2018-09-24 19:00,EDT,67.88,P
USGS,02130561,2018-09-24 19:15,EDT,67.84,P
USGS,02130561,2018-09-24 19:30,EDT,67.82,P
USGS,02130561,2018-09-24 19:45,EDT,67.69,P
USGS,02130561,2018-09-24 20:00,EDT,67.67,P
USGS,02130561,2018-09-24 20:15,EDT,67.48,P
USGS,02130561,2018-09-24 20:30,EDT,67.44,P
USGS,02130561,2018-09-24 20:45,EDT,67.48,P
USGS,02130561,2018-09-24 21:00,EDT,67.31,P
USGS,02130561,2018-09-24 21:15,EDT,67.24,P
USGS,02130561,2018-09-24 21:30,EDT,67.19,P
USGS,02130561,2018-09-24 21:45,EDT,67.04,P
USGS,02130561,2018-09-24 22:00,EDT,66.94,P
USGS,02130561,2018-09-24 22:15,EDT,66.97,P
USGS,02130561,2018-09-24 22:30,EDT,66.87,P
USGS,02130561,2018-09-24 22:45,EDT,66.77,P
USGS,02130561,2018-09-24 23:00,EDT,66.75,P
USGS,02130561,2018-09-24 23:15,EDT,66.45,P
USGS,02130561,2018-09-24 23:30,EDT,66.33,P
USGS,02130561,2018-09-24 23:45,EDT,66.49,P
USGS,02130561,2018-09-25 00:00,EDT,66.46,P
USGS,02130561,2018-09-25 00:15,EDT,66.28,P
USGS,02130561,2018-09-25 00:30,EDT,66.01,P
USGS,02130561,2018-09-25 00:45,EDT,66.02,P
USGS,02130561,2018-09-25 01:00,EDT,65.93,P
USGS,02130561,2018-09-25 01:15,EDT,65.96,P
USGS,02130561,2018-09-25 01:30,EDT,65.89,P
USGS,02130561,2018-09-25 01:45,EDT,65.88,P
USGS,02130561,2018-09-25 02:00,EDT,65.73,P
USGS,02130561,2018-09-25 02:15,EDT,65.66,P
USGS,02130561,2018-09-25 02:30,EDT,65.54,P
USGS,02130561,2018-09-25 02:45,EDT,65.54,P
USGS,02130561,2018-09-25 03:00,EDT,65.43,P
USGS,02130561,2018-09-25 03:15,EDT,65.35,P
USGS,02130561,2018-09-25 03:30,EDT,65.25,P
USGS,02130561,2018-09-25 03:45,EDT,65.13,P
USGS,02130561,2018-09-25 04:00,EDT,65.16,P
USGS,02130561,2018-09-25 04:15,EDT,65.18,P
USGS,02130561,2018-09-25 04:30,EDT,64.98,P
USGS,02130561,2018-09-25 04:45,EDT,65.04,P
USGS,02130561,2018-09-25 05:00,EDT,64.94,P
USGS,02130561,2018-09-25 05:15,EDT,64.89,P
USGS,02130561,2018-09-25 05:30,EDT,64.91,P
USGS,02130561,2018-09-25 05:45,EDT,64.87,P
USGS,02130561,2018-09-25 06:00,EDT,64.80,P
USGS,02130561,2018-09-25 06:15,EDT,64.79,P
USGS,02130561,2018-09-25 06:30,EDT,64.79,P
USGS,02130561,2018-09-25 06:45,EDT,64.69,P
USGS,02130561,2018-09-25 07:00,EDT,64.87,P
USGS,02130561,2018-09-25 07:15,EDT,64.86,P
USGS,02130561,2018-09-25 07:30,EDT,64.89,P
USGS,02130561,2018-09-25 07:45,EDT,64.88,P
USGS,02130561,2018-09-25 08:00,EDT,64.94,P
USGS,02130561,2018-09-25 08:15,EDT,65.08,P
USGS,02130561,2018-09-25 08:30,EDT,65.10,P
USGS,02130561,2018-09-25 08:45,EDT,65.17,P
USGS,02130561,2018-09-25 09:00,EDT,65.20,P
USGS,02130561,2018-09-25 09:15,EDT,65.38,P
USGS,02130561,2018-09-25 09:30,EDT,65.31,P
USGS,02130561,2018-09-25 09:45,EDT,65.49,P
USGS,02130561,2018-09-25 10:00,EDT,65.35,P
USGS,02130561,2018-09-25 10:15,EDT,65.53,P
USGS,02130561,2018-09-25 10:30,EDT,65.51,P
USGS,02130561,2018-09-25 10:45,EDT,65.64,P
USGS,02130561,2018-09-25 11:00,EDT,65.70,P
USGS,02130561,2018-09-25 11:15,EDT,65.91,P
USGS,02130561,2018-09-25 11:30,EDT,65.86,P
USGS,02130561,2018-09-25 11:45,EDT,66.05,P
USGS,02130561,2018-09-25 12:00,EDT,66.06,P
USGS,02130561,2018-09-25 12:15,EDT,66.14,P
USGS,02130561,2018-09-25 12:30,EDT,66.08,P
USGS,02130561,2018-09-25 12:45,EDT,66.14,P
USGS,02130561,2018-09-25 13:00,EDT,66.21,P
USGS,02130561,2018-09-25 13:15,EDT,66.31,P
USGS,02130561,2018-09-25 13:30,EDT,66.27,P
USGS,02130561,2018-09-25 13:45,EDT,66.32,P
USGS,02130561,2018-09-25 14:00,EDT,66.25,P
USGS,02130561,2018-09-25 14:15,EDT,66.33,P
USGS,02130561,2018-09-25 14:30,EDT,66.39,P
USGS,02130561,2018-09-25 14:45,EDT,66.32,P
USGS,02130561,2018-09-25 15:00,EDT,66.28,P
USGS,02130561,2018-09-25 15:15,EDT,66.36,P
USGS,02130561,2018-09-25 15:30,EDT,66.37,P
USGS,02130561,2018-09-25 15:45,EDT,66.31,P
USGS,02130561,2018-09-25 16:00,EDT,66.23,P
USGS,02130561,2018-09-25 16:15,EDT,66.21,P
USGS,02130561,2018-09-25 16:30,EDT,66.00,P
USGS,02130561,2018-09-25 16:45,EDT,66.13,P
USGS,02130561,2018-09-25 17:00,EDT,66.06,P
USGS,02130561,2018-09-25 17:15,EDT,66.14,P
USGS,02130561,2018-09-25 17:30,EDT,66.04,P
USGS,02130561,2018-09-25 17:45,EDT,65.96,P
USGS,02130561,2018-09-25 18:00,EDT,65.95,P
USGS,02130561,2018-09-25 18:15,EDT,65.94,P
USGS,02130561,2018-09-25 18:30,EDT,65.82,P
USGS,02130561,2018-09-25 18:45,EDT,65.61,P
USGS,02130561,2018-09-25 19:00,EDT,65.68,P
USGS,02130561,2018-09-25 19:15,EDT,65.69,P
USGS,02130561,2018-09-25 19:30,EDT,65.53,P
USGS,02130561,2018-09-25 19:45,EDT,65.66,P
USGS,02130561,2018-09-25 20:00,EDT,65.46,P
USGS,02130561,2018-09-25 20:15,EDT,65.32,P
USGS,02130561,2018-09-25 20:30,EDT,65.21,P
USGS,02130561,2018-09-25 20:45,EDT,65.29,P
USGS,02130561,2018-09-25 21:00,EDT,65.13,P
USGS,02130561,2018-09-25 21:15,EDT,65.08,P
USGS,02130561,2018-09-25 21:30,EDT,64.99,P
USGS,02130561,2018-09-25 21:45,EDT,64.81,P
USGS,02130561,2018-09-25 22:00,EDT,64.79,P
USGS,02130561,2018-09-25 22:15,EDT,64.90,P
USGS,02130561,2018-09-25 22:30,EDT,64.89,P
USGS,02130561,2018-09-25 22:45,EDT,64.81,P
USGS,02130561,2018-09-25 23:00,EDT,64.45,P
USGS,02130561,2018-09-25 23:15,EDT,64.53,P
USGS,02130561,2018-09-25 23:30,EDT,64.24,P
USGS,02130561,2018-09-25 23:45,EDT,64.49,P
USGS,02130561,2018-09-26 00:00,EDT,64.27,P
USGS,02130561,2018-09-26 00:15,EDT,64.19,P
USGS,02130561,2018-09-26 00:30,EDT,64.19,P
USGS,02130561,2018-09-26 00:45,EDT,64.14,P
USGS,02130561,2018-09-26 01:00,EDT,64.00,P
USGS,02130561,2018-09-26 01:15,EDT,63.77,P
USGS,02130561,2018-09-26 01:30,EDT,63.90,P
USGS,02130561,2018-09-26 01:45,EDT,63.93,P
USGS,02130561,2018-09-26 02:00,EDT,63.65,P
USGS,02130561,2018-09-26 02:15,EDT,63.72,P
USGS,02130561,2018-09-26 02:30,EDT,63.67,P
USGS,02130561,2018-09-26 02:45,EDT,63.74,P
USGS,02130561,2018-09-26 03:00,EDT,63.64,P
USGS,02130561,2018-09-26 03:15,EDT,63.61,P
USGS,02130561,2018-09-26 03:30,EDT,63.46,P
USGS,02130561,2018-09-26 03:45,EDT,63.55,P
USGS,02130561,2018-09-26 04:00,EDT,63.55,P
USGS,02130561,2018-09-26 04:15,EDT,63.55,P
USGS,02130561,2018-09-26 04:30,EDT,63.43,P
USGS,02130561,2018-09-26 04:45,EDT,63.55,P
USGS,02130561,2018-09-26 05:00,EDT,63.58,P
USGS,02130561,2018-09-26 05:15,EDT,63.55,P
USGS,02130561,2018-09-26 05:30,EDT,63.66,P
USGS,02130561,2018-09-26 05:45,EDT,63.59,P
USGS,02130561,2018-09-26 06:00,EDT,63.65,P
USGS,02130561,2018-09-26 06:15,EDT,63.81,P
USGS,02130561,2018-09-26 06:30,EDT,63.80,P
USGS,02130561,2018-09-26 06:45,EDT,63.80,P
USGS,02130561,2018-09-26 07:00,EDT,63.99,P
USGS,02130561,2018-09-26 07:15,EDT,64.10,P
USGS,02130561,2018-09-26 07:30,EDT,64.24,P
USGS,02130561,2018-09-26 07:45,EDT,64.16,P
USGS,02130561,2018-09-26 08:00,EDT,64.59,P
USGS,02130561,2018-09-26 08:15,EDT,64.37,P
USGS,02130561,2018-09-26 08:30,EDT,64.81,P
USGS,02130561,2018-09-26 08:45,EDT,64.77,P
USGS,02130561,2018-09-26 09:00,EDT,64.93,P
USGS,02130561,2018-09-26 09:15,EDT,64.82,P
USGS,02130561,2018-09-26 09:30,EDT,64.83,P
USGS,02130561,2018-09-26 09:45,EDT,65.21,P
USGS,02130561,2018-09-26 10:00,EDT,65.16,P
USGS,02130561,2018-09-26 10:15,EDT,65.25,P
USGS,02130561,2018-09-26 10:30,EDT,65.38,P
USGS,02130561,2018-09-26 10:45,EDT,65.39,P
USGS,02130561,2018-09-26 11:00,EDT,65.46,P
USGS,02130561,2018-09-26 11:15,EDT,65.59,P
USGS,02130561,2018-09-26 11:30,EDT,65.52,P
USGS,02130561,2018-09-26 11:45,EDT,65.66,P
USGS,02130561,2018-09-26 12:00,EDT,65.73,P
USGS,02130561,2018-09-26 12:15,EDT,65.72,P
USGS,02130561,2018-09-26 12:30,EDT,65.89,P
USGS,02130561,2018-09-26 12:45,EDT,65.89,P
USGS,02130561,2018-09-26 13:00,EDT,65.97,P
USGS,02130561,2018-09-26 13:15,EDT,65.94,P
USGS,02130561,2018-09-26 13:30,EDT,65.92,P
USGS,02130561,2018-09-26 13:45,EDT,65.94,P
USGS,02130561,2018-09-26 14:00,EDT,65.80,P
USGS,02130561,2018-09-26 14:15,EDT,66.02,P
USGS,02130561,2018-09-26 14:30,EDT,65.88,P
USGS,02130561,2018-09-26 14:45,EDT,65.89,P
USGS,02130561,2018-09-26 15:00,EDT,65.96,P
USGS,02130561,2018-09-26 15:15,EDT,65.66,P
USGS,02130561,2018-09-26 15:30,EDT,65.79,P
USGS,02130561,2018-09-26 15:45,EDT,65.80,P
USGS,02130561,2018-09-26 16:00,EDT,65.57,P
USGS,02130561,2018-09-26 16:15,EDT,65.59,P
USGS,02130561,2018-09-26 16:30,EDT,65.49,P
USGS,02130561,2018-09-26 16:45,EDT,65.64,P
USGS,02130561,2018-09-26 17:00,EDT,65.69,P
USGS,02130561,2018-09-26 17:15,EDT,65.54,P
USGS,02130561,2018-09-26 17:30,EDT,65.47,P
USGS,02130561,2018-09-26 17:45,EDT,65.40,P
USGS,02130561,2018-09-26 18:00,EDT,65.26,P
USGS,02130561,2018-09-26 18:15,EDT,65.13,P
USGS,02130561,2018-09-26 18:30,EDT,65.26,P
USGS,02130561,2018-09-26 18:45,EDT,64.97,P
USGS,02130561,2018-09-26 19:00,EDT,64.92,P
USGS,02130561,2018-09-26 19:15,EDT,65.03,P
USGS,02130561,2018-09-26 19:30,EDT,65.01,P
USGS,02130561,2018-09-26 19:45,EDT,64.89,P
USGS,02130561,2018-09-26 20:00,EDT,64.89,P
USGS,02130561,2018-09-26 20:15,EDT,64.75,P
USGS,02130561,2018-09-26 20:30,EDT,64.63,P
USGS,02130561,2018-09-26 20:45,EDT,64.59,P
USGS,02130561,2018-09-26 21:00,EDT,64.57,P
USGS,02130561,2018-09-26 21:15,EDT,64.35,P
USGS,02130561,2018-09-26 21:30,EDT,64.35,P
USGS,02130561,2018-09-26 21:45,EDT,64.17,P
USGS,02130561,2018-09-26 22:00,EDT,64.08,P
USGS,02130561,2018-09-26 22:15,EDT,64.15,P
USGS,02130561,2018-09-26 22:30,EDT,63.98,P
USGS,02130561,2018-09-26 22:45,EDT,63.96,P
USGS,02130561,2018-09-26 23:00,EDT,63.84,P
USGS,02130561,2018-09-26 23:15,EDT,63.61,P
USGS,02130561,2018-09-26 23:30,EDT,63.69,P
USGS,02130561,2018-09-26 23:45,EDT,63.59,P
USGS,02130561,2018-09-27 00:00,EDT,63.45,P
USGS,02130561,2018-09-27 00:15,EDT,63.28,P
USGS,02130561,2018-09-27 00:30,EDT,63.39,P
USGS,02130561,2018-09-27 00:45,EDT,63.28,P
USGS,02130561,2018-09-27 01:00,EDT,63.17,P
USGS,02130561,2018-09-27 01:15,EDT,63.19,P
USGS,02130561,2018-09-27 01:30,EDT,63.09,P
USGS,02130561,2018-09-27 01:45,EDT,62.97,P
USGS,02130561,2018-09-27 02:00,EDT,62.88,P
USGS,02130561,2018-09-27 02:15,EDT,62.76,P
USGS,02130561,2018-09-27 02:30,EDT,62.77,P
USGS,02130561,2018-09-27 02:45,EDT,62.56,P
USGS,02130561,2018-09-27 03:00,EDT,62.74,P
USGS,02130561,2018-09-27 03:15,EDT,62.57,P
USGS,02130561,2018-09-27 03:30,EDT,62.60,P
USGS,02130561,2018-09-27 03:45,EDT,62.47,P
USGS,02130561,2018-09-27 04:00,EDT,62.46,P
USGS,02130561,2018-09-27 04:15,EDT,62.54,P
USGS,02130561,2018-09-27 04:30,EDT,62.43,P
USGS,02130561,2018-09-27 04:45,EDT,62.45,P
USGS,02130561,2018-09-27 05:00,EDT,62.52,P
USGS,02130561,2018-09-27 05:15,EDT,62.72,P
USGS,02130561,2018-09-27 05:30,EDT,62.71,P
USGS,02130561,2018-09-27 05:45,EDT,62.93,P
USGS,02130561,2018-09-27 06:00,EDT,62.94,P
USGS,02130561,2018-09-27 06:15,EDT,62.85,P
USGS,02130561,2018-09-27 06:30,EDT,63.01,P
USGS,02130561,2018-09-27 06:45,EDT,63.12,P
USGS,02130561,2018-09-27 07:00,EDT,63.21,P
USGS,02130561,2018-09-27 07:15,EDT,63.22,P
USGS,02130561,2018-09-27 07:30,EDT,63.53,P
USGS,02130561,2018-09-27 07:45,EDT,63.44,P
USGS,02130561,2018-09-27 08:00,EDT,63.64,P
USGS,02130561,2018-09-27 08:15,EDT,63.68,P
USGS,02130561,2018-09-27 08:30,EDT,63.92,P
USGS,02130561,2018-09-27 08:45,EDT,64.03,P
USGS,02130561,2018-09-27 09:00,EDT,64.14,P
USGS,02130561,2018-09-27 09:15,EDT,64.11,P
USGS,02130561,2018-09-27 09:30,EDT,64.19,P
USGS,02130561,2018-09-27 09:45,EDT,64.49,P
USGS,02130561,2018-09-27 10:00,EDT,64.59,P
USGS,02130561,2018-09-27 10:15,EDT,64.57,P
USGS,02130561,2018-09-27 10:30,EDT,64.75,P
USGS,02130561,2018-09-27 10:45,EDT,64.70,P
USGS,02130561,2018-09-27 11:00,EDT,64.95,P
USGS,02130561,2018-09-27 11:15,EDT,64.93,P
USGS,02130561,2018-09-27 11:30,EDT,65.04,P
USGS,02130561,2018-09-27 11:45,EDT,65.03,P
USGS,02130561,2018-09-27 12:00,EDT,65.09,P
USGS,02130561,2018-09-27 12:15,EDT,65.06,P
USGS,02130561,2018-09-27 12:30,EDT,65.09,P
USGS,02130561,2018-09-27 12:45,EDT,65.03,P
USGS,02130561,2018-09-27 13:00,EDT,65.07,P
USGS,02130561,2018-09-27 13:15,EDT,65.24,P
USGS,02130561,2018-09-27 13:30,EDT,65.21,P
USGS,02130561,2018-09-27 13:45,EDT,65.29,P
USGS,02130561,2018-09-27 14:00,EDT,65.11,P
USGS,02130561,2018-09-27 14:15,EDT,65.20,P
USGS,02130561,2018-09-27 14:30,EDT,65.28,P
USGS,02130561,2018-09-27 14:45,EDT,65.13,P
USGS,02130561,2018-09-27 15:00,EDT,65.13,P
USGS,02130561,2018-09-27 15:15,EDT,65.12,P
USGS,02130561,2018-09-27 15:30,EDT,65.02,P
USGS,02130561,2018-09-27 15:45,EDT,65.15,P
USGS,02130561,2018-09-27 16:00,EDT,65.10,P
USGS,02130561,2018-09-27 16:15,EDT,64.87,P
USGS,02130561,2018-09-27 16:30,EDT,64.94,P
USGS,02130561,2018-09-27 16:45,EDT,64.69,P
USGS,02130561,2018-09-27 17:00,EDT,64.71,P
USGS,02130561,2018-09-27 17:15,EDT,64.80,P
USGS,02130561,2018-09-27 17:30,EDT,64.68,P
USGS,02130561,2018-09-27 17:45,EDT,64.61,P
USGS,02130561,2018-09-27 18:00,EDT,64.51,P
USGS,02130561,2018-09-27 18:15,EDT,64.50,P
USGS,02130561,2018-09-27 18:30,EDT,64.51,P
USGS,02130561,2018-09-27 18:45,EDT,64.40,P
USGS,02130561,2018-09-27 19:00,EDT,64.43,P
USGS,02130561,2018-09-27 19:15,EDT,64.26,P
USGS,02130561,2018-09-27 19:30,EDT,64.10,P
USGS,02130561,2018-09-27 19:45,EDT,64.04,P
USGS,02130561,2018-09-27 20:00,EDT,64.03,P
USGS,02130561,2018-09-27 20:15,EDT,63.80,P
USGS,02130561,2018-09-27 20:30,EDT,63.95,P
USGS,02130561,2018-09-27 20:45,EDT,63.80,P
USGS,02130561,2018-09-27 21:00,EDT,63.76,P
USGS,02130561,2018-09-27 21:15,EDT,63.63,P
USGS,02130561,2018-09-27 21:30,EDT,63.69,P
USGS,02130561,2018-09-27 21:45,EDT,63.46,P
USGS,02130561,2018-09-27 22:00,EDT,63.45,P
USGS,02130561,2018-09-27 22:15,EDT,63.36,P
USGS,02130561,2018-09-27 22:30,EDT,63.41,P
USGS,02130561,2018-09-27 22:45,EDT,63.10,P
USGS,02130561,2018-09-27 23:00,EDT,63.17,P
USGS,02130561,2018-09-27 23:15,EDT,62.99,P
USGS,02130561,2018-09-27 23:30,EDT,62.84,P
USGS,02130561,2018-09-27 23:45,EDT,63.04,P
USGS,02130561,2018-09-28 00:00,EDT,62.92,P
USGS,02130561,2018-09-28 00:15,EDT,62.58,P
USGS,02130561,2018-09-28 00:30,EDT,62.55,P
USGS,02130561,2018-09-28 00:45,EDT,62.46,P
USGS,02130561,2018-09-28 01:00,EDT,62.43,P
USGS,02130561,2018-09-28 01:15,EDT,62.41,P
USGS,02130561,2018-09-28 01:30,EDT,62.26,P
USGS,02130561,2018-09-28 01:45,EDT,62.16,P
USGS,02130561,2018-09-28 02:00,EDT,62.28,P
USGS,02130561,2018-09-28 02:15,EDT,62.14,P
USGS,02130561,2018-09-28 02:30,EDT,62.08,P
USGS,02130561,2018-09-28 02:45,EDT,61.99,P
USGS,02130561,2018-09-28 03:00,EDT,61.88,P
USGS,02130561,2018-09-28 03:15,EDT,61.92,P
USGS,02130561,2018-09-28 03:30,EDT,61.85,P
USGS,02130561,2018-09-28 03:45,EDT,61.78,P
USGS,02130561,2018-09-28 04:00,EDT,61.62,P
USGS,02130561,2018-09-28 04:15,EDT,61.64,P
USGS,02130561,2018-09-28 04:30,EDT,61.33,P
USGS,02130561,2018-09-28 04:45,EDT,61.50,P
USGS,02130561,2018-09-28 05:00,EDT,61.19,P
USGS,02130561,2018-09-28 05:15,EDT,61.37,P
USGS,02130561,2018-09-28 05:30,EDT,61.20,P
USGS,02130561,2018-09-28 05:45,EDT,61.19,P
USGS,02130561,2018-09-28 06:00,EDT,61.06,P
USGS,02130561,2018-09-28 06:15,EDT,61.04,P
USGS,02130561,2018-09-28 06:30,EDT,61.12,P
USGS,02130561,2018-09-28 06:45,EDT,60.98,P
USGS,02130561,2018-09-28 07:00,EDT,61.03,P
USGS,02130561,2018-09-28 07:15,EDT,61.11,P
USGS,02130561,2018-09-28 07:30,EDT,61.00,P
USGS,02130561,2018-09-28 07:45,EDT,61.18,P
USGS,02130561,2018-09-28 08:00,EDT,61.18,P
USGS,02130561,2018-09-28 08:15,EDT,61.40,P
USGS,02130561,2018-09-28 08:30,EDT,61.45,P
USGS,02130561,2018-09-28 08:45,EDT,61.51,P
USGS,02130561,2018-09-28 09:00,EDT,61.74,P
USGS,02130561,2018-09-28 09:15,EDT,61.68,P
USGS,02130561,2018-09-28 09:30,EDT,61.93,P
USGS,02130561,2018-09-28 09:45,EDT,62.14,P
USGS,02130561,2018-09-28 10:00,EDT,62.33,P
USGS,02130561,2018-09-28 10:15,EDT,62.42,P
USGS,02130561,2018-09-28 10:30,EDT,62.64,P
USGS,02130561,2018-09-28 10:45,EDT,62.69,P
USGS,02130561,2018-09-28 11:00,EDT,62.89,P
USGS,02130561,2018-09-28 11:15,EDT,62.93,P
USGS,02130561,2018-09-28 11:30,EDT,63.03,P
USGS,02130561,2018-09-28 11:45,EDT,63.27,P
USGS,02130561,2018-09-28 12:00,EDT,63.30,P
USGS,02130561,2018-09-28 12:15,EDT,63.47,P
USGS,02130561,2018-09-28 12:30,EDT,63.35,P
USGS,02130561,2018-09-28 12:45,EDT,63.68,P
USGS,02130561,2018-09-28 13:00,EDT,63.72,P
USGS,02130561,2018-09-28 13:15,EDT,63.83,P
USGS,02130561,2018-09-28 13:30,EDT,63.79,P
USGS,02130561,2018-09-28 13:45,EDT,63.92,P
USGS,02130561,2018-09-28 14:00,EDT,63.93,P
USGS,02130561,2018-09-28 14:15,EDT,64.02,P
USGS,02130561,2018-09-28 14:30,EDT,64.07,P
USGS,02130561,2018-09-28 14:45,EDT,64.13,P
USGS,02130561,2018-09-28 15:00,EDT,64.17,P
USGS,02130561,2018-09-28 15:15,EDT,64.25,P
USGS,02130561,2018-09-28 15:30,EDT,64.24,P
USGS,02130561,2018-09-28 15:45,EDT,64.13,P
USGS,02130561,2018-09-28 16:00,EDT,64.22,P
USGS,02130561,2018-09-28 16:15,EDT,64.30,P
USGS,02130561,2018-09-28 16:30,EDT,64.29,P
USGS,02130561,2018-09-28 16:45,EDT,64.27,P
USGS,02130561,2018-09-28 17:00,EDT,64.26,P
USGS,02130561,2018-09-28 17:15,EDT,64.30,P
USGS,02130561,2018-09-28 17:30,EDT,64.32,P
USGS,02130561,2018-09-28 17:45,EDT,64.24,P
USGS,02130561,2018-09-28 18:00,EDT,64.19,P
USGS,02130561,2018-09-28 18:15,EDT,64.08,P
USGS,02130561,2018-09-28 18:30,EDT,64.19,P
USGS,02130561,2018-09-28 18:45,EDT,64.15,P
USGS,02130561,2018-09-28 19:00,EDT,64.06,P
USGS,02130561,2018-09-28 19:15,EDT,64.10,P
USGS,02130561,2018-09-28 19:30,EDT,64.14,P
USGS,02130561,2018-09-28 19:45,EDT,63.97,P
USGS,02130561,2018-09-28 20:00,EDT,64.03,P
USGS,02130561,2018-09-28 20:15,EDT,63.96,P
USGS,02130561,2018-09-28 20:30,EDT,63.97,P
USGS,02130561,2018-09-28 20:45,EDT,63.88,P
USGS,02130561,2018-09-28 21:00,EDT,63.89,P
USGS,02130561,2018-09-28 21:15,EDT,63.87,P
USGS,02130561,2018-09-28 21:30,EDT,63.71,P
USGS,02130561,2018-09-28 21:45,EDT,63.63,P
USGS,02130561,2018-09-28 22:00,EDT,63.64,P
USGS,02130561,2018-09-28 22:15,EDT,63.57,P
USGS,02130561,2018-09-28 22:30,EDT,63.64,P
USGS,02130561,2018-09-28 22:45,EDT,63.53,P
USGS,02130561,2018-09-28 23:00,EDT,63.60,P
USGS,02130561,2018-09-28 23:15,EDT,63.48,P
USGS,02130561,2018-09-28 23:30,EDT,63.38,P
USGS,02130561,2018-09-28 23:45,EDT,63.38,P
USGS,02130561,2018-09-29 00:00,EDT,63.35,P
USGS,02130561,2018-09-29 00:15,EDT,63.25,P
USGS,02130561,2018-09-29 00:30,EDT,63.17,P
USGS,02130561,2018-09-29 00:45,EDT,63.16,P
USGS,02130561,2018-09-29 01:00,EDT,63.09,P
USGS,02130561,2018-09-29 01:15,EDT,62.92,P
USGS,02130561,2018-09-29 01:30,EDT,63.01,P
USGS,02130561,2018-09-29 01:45,EDT,62.96,P
USGS,02130561,2018-09-29 02:00,EDT,62.83,P
USGS,02130561,2018-09-29 02:15,EDT,62.84,P
USGS,02130561,2018-09-29 02:30,EDT,62.77,P
USGS,02130561,2018-09-29 02:45,EDT,62.65,P
USGS,02130561,2018-09-29 03:00,EDT,62.61,P
USGS,02130561,2018-09-29 03:15,EDT,62.60,P
USGS,02130561,2018-09-29 03:30,EDT,62.56,P
USGS,02130561,2018-09-29 03:45,EDT,62.41,P
USGS,02130561,2018-09-29 04:00,EDT,62.46,P
USGS,02130561,2018-09-29 04:15,EDT,62.40,P
USGS,02130561,2018-09-29 04:30,EDT,62.45,P
USGS,02130561,2018-09-29 04:45,EDT,62.37,P
USGS,02130561,2018-09-29 05:00,EDT,62.35,P
USGS,02130561,2018-09-29 05:15,EDT,62.36,P
USGS,02130561,2018-09-29 05:30,EDT,62.29,P
USGS,02130561,2018-09-29 05:45,EDT,62.27,P
USGS,02130561,2018-09-29 06:00,EDT,62.27,P
USGS,02130561,2018-09-29 06:15,EDT,62.27,P
USGS,02130561,2018-09-29 06:30,EDT,62.30,P
USGS,02130561,2018-09-29 06:45,EDT,62.31,P
USGS,02130561,2018-09-29 07:00,EDT,62.34,P
USGS,02130561,2018-09-29 07:15,EDT,62.33,P
USGS,02130561,2018-09-29 07:30,EDT,62.43,P
USGS,02130561,2018-09-29 07:45,EDT,62.23,P
USGS,02130561,2018-09-29 08:00,EDT,62.36,P
USGS,02130561,2018-09-29 08:15,EDT,62.40,P
USGS,02130561,2018-09-29 08:30,EDT,62.52,P
USGS,02130561,2018-09-29 08:45,EDT,62.64,P
USGS,02130561,2018-09-29 09:00,EDT,62.60,P
USGS,02130561,2018-09-29 09:15,EDT,62.66,P
USGS,02130561,2018-09-29 09:30,EDT,62.80,P
USGS,02130561,2018-09-29 09:45,EDT,62.83,P
USGS,02130561,2018-09-29 10:00,EDT,62.88,P
USGS,02130561,2018-09-29 10:15,EDT,62.96,P
USGS,02130561,2018-09-29 10:30,EDT,62.91,P
USGS,02130561,2018-09-29 10:45,EDT,62.97,P
USGS,02130561,2018-09-29 11:00,EDT,63.03,P
USGS,02130561,2018-09-29 11:15,EDT,62.91,P
USGS,02130561,2018-09-29 11:30,EDT,63.06,P
USGS,02130561,2018-09-29 11:45,EDT,63.13,P
USGS,02130561,2018-09-29 12:00,EDT,63.18,P
USGS,02130561,2018-09-29 12:15,EDT,63.14,P
USGS,02130561,2018-09-29 12:30,EDT,63.21,P
USGS,02130561,2018-09-29 12:45,EDT,63.16,P
USGS,02130561,2018-09-29 13:00,EDT,63.18,P
USGS,02130561,2018-09-29 13:15,EDT,63.08,P
USGS,02130561,2018-09-29 13:30,EDT,63.21,P
USGS,02130561,2018-09-29 13:45,EDT,63.24,P
USGS,02130561,2018-09-29 14:00,EDT,63.15,P
USGS,02130561,2018-09-29 14:15,EDT,63.25,P
USGS,02130561,2018-09-29 14:30,EDT,63.12,P
USGS,02130561,2018-09-29 14:45,EDT,63.20,P
USGS,02130561,2018-09-29 15:00,EDT,63.09,P
USGS,02130561,2018-09-29 15:15,EDT,63.27,P
USGS,02130561,2018-09-29 15:30,EDT,62.98,P
USGS,02130561,2018-09-29 15:45,EDT,63.12,P
USGS,02130561,2018-09-29 16:00,EDT,63.07,P
USGS,02130561,2018-09-29 16:15,EDT,62.98,P
USGS,02130561,2018-09-29 16:30,EDT,62.97,P
USGS,02130561,2018-09-29 16:45,EDT,62.85,P
USGS,02130561,2018-09-29 17:00,EDT,62.86,P
USGS,02130561,2018-09-29 17:15,EDT,62.84,P
USGS,02130561,2018-09-29 17:30,EDT,62.73,P
USGS,02130561,2018-09-29 17:45,EDT,62.72,P
USGS,02130561,2018-09-29 18:00,EDT,62.72,P
USGS,02130561,2018-09-29 18:15,EDT,62.50,P
USGS,02130561,2018-09-29 18:30,EDT,62.55,P
USGS,02130561,2018-09-29 18:45,EDT,62.45,P
USGS,02130561,2018-09-29 19:00,EDT,62.44,P
USGS,02130561,2018-09-29 19:15,EDT,62.50,P
USGS,02130561,2018-09-29 19:30,EDT,62.38,P
USGS,02130561,2018-09-29 19:45,EDT,62.30,P
USGS,02130561,2018-09-29 20:00,EDT,62.17,P
USGS,02130561,2018-09-29 20:15,EDT,62.27,P
USGS,02130561,2018-09-29 20:30,EDT,62.05,P
USGS,02130561,2018-09-29 20:45,EDT,62.09,P
USGS,02130561,2018-09-29 21:00,EDT,61.98,P
USGS,02130561,2018-09-29 21:15,EDT,61.92,P
USGS,02130561,2018-09-29 21:30,EDT,61.92,P
USGS,02130561,2018-09-29 21:45,EDT,61.97,P
USGS,02130561,2018-09-29 22:00,EDT,61.78,P
USGS,02130561,2018-09-29 22:15,EDT,61.74,P
USGS,02130561,2018-09-29 22:30,EDT,61.69,P
USGS,02130561,2018-09-29 22:45,EDT,61.76,P
USGS,02130561,2018-09-29 23:00,EDT,61.68,P
USGS,02130561,2018-09-29 23:15,EDT,61.64,P
USGS,02130561,2018-09-29 23:30,EDT,61.47,P
USGS,02130561,2018-09-29 23:45,EDT,61.47,P
USGS,02130561,2018-09-30 00:00,EDT,61.44,P
USGS,02130561,2018-09-30 00:15,EDT,61.23,P
USGS,02130561,2018-09-30 00:30,EDT,61.36,P
USGS,02130561,2018-09-30 00:45,EDT,61.24,P
USGS,02130561,2018-09-30 01:00,EDT,61.21,P
USGS,02130561,2018-09-30 01:15,EDT,61.04,P
USGS,02130561,2018-09-30 01:30,EDT,61.05,P
USGS,02130561,2018-09-30 01:45,EDT,60.97,P
USGS,02130561,2018-09-30 02:00,EDT,60.95,P
USGS,02130561,2018-09-30 02:15,EDT,60.90,P
USGS,02130561,2018-09-30 02:30,EDT,60.85,P
USGS,02130561,2018-09-30 02:45,EDT,60.76,P
USGS,02130561,2018-09-30 03:00,EDT,60.72,P
USGS,02130561,2018-09-30 03:15,EDT,60.65,P
USGS,02130561,2018-09-30 03:30,EDT,60.60,P
USGS,02130561,2018-09-30 03:45,EDT,60.53,P
USGS,02130561,2018-09-30 04:00,EDT,60.50,P
USGS,02130561,2018-09-30 04:15,EDT,60.36,P
USGS,02130561,2018-09-30 04:30,EDT,60.42,P
USGS,02130561,2018-09-30 04:45,EDT,60.36,P
USGS,02130561,2018-09-30 05:00,EDT,60.37,P
USGS,02130561,2018-09-30 05:15,EDT,60.30,P
USGS,02130561,2018-09-30 05:30,EDT,60.30,P
USGS,02130561,2018-09-30 05:45,EDT,60.24,P
USGS,02130561,2018-09-30 06:00,EDT,60.23,P
USGS,02130561,2018-09-30 06:15,EDT,60.27,P
USGS,02130561,2018-09-30 06:30,EDT,60.17,P
USGS,02130561,2018-09-30 06:45,EDT,60.23,P
USGS,02130561,2018-09-30 07:00,EDT,60.22,P
USGS,02130561,2018-09-30 07:15,EDT,60.27,P
USGS,02130561,2018-09-30 07:30,EDT,60.43,P
USGS,02130561,2018-09-30 07:45,EDT,60.46,P
USGS,02130561,2018-09-30 08:00,EDT,60.52,P
USGS,02130561,2018-09-30 08:15,EDT,60.53,P
USGS,02130561,2018-09-30 08:30,EDT,60.65,P
USGS,02130561,2018-09-30 08:45,EDT,60.73,P
USGS,02130561,2018-09-30 09:00,EDT,60.72,P
USGS,02130561,2018-09-30 09:15,EDT,60.79,P
USGS,02130561,2018-09-30 09:30,EDT,60.93,P
USGS,02130561,2018-09-30 09:45,EDT,60.90,P
USGS,02130561,2018-09-30 10:00,EDT,61.04,P
USGS,02130561,2018-09-30 10:15,EDT,61.13,P
USGS,02130561,2018-09-30 10:30,EDT,61.21,P
USGS,02130561,2018-09-30 10:45,EDT,61.29,P
USGS,02130561,2018-09-30 11:00,EDT,61.30,P
USGS,02130561,2018-09-30 11:15,EDT,61.34,P
USGS,02130561,2018-09-30 11:30,EDT,61.49,P
USGS,02130561,2018-09-30 11:45,EDT,61.42,P
USGS,02130561,2018-09-30 12:00,EDT,61.47,P
USGS,02130561,2018-09-30 12:15,EDT,61.48,P
USGS,02130561,2018-09-30 12:30,EDT,61.52,P
USGS,02130561,2018-09-30 12:45,EDT,61.55,P
USGS,02130561,2018-09-30 13:00,EDT,61.56,P
USGS,02130561,2018-09-30 13:15,EDT,61.59,P
USGS,02130561,2018-09-30 13:30,EDT,61.54,P
USGS,02130561,2018-09-30 13:45,EDT,61.59,P
USGS,02130561,2018-09-30 14:00,EDT,61.56,P
USGS,02130561,2018-09-30 14:15,EDT,61.54,P
USGS,02130561,2018-09-30 14:30,EDT,61.56,P
USGS,02130561,2018-09-30 14:45,EDT,61.54,P
USGS,02130561,2018-09-30 15:00,EDT,61.51,P
USGS,02130561,2018-09-30 15:15,EDT,61.55,P
USGS,02130561,2018-09-30 15:30,EDT,61.53,P
USGS,02130561,2018-09-30 15:45,EDT,61.45,P
USGS,02130561,2018-09-30 16:00,EDT,61.43,P
USGS,02130561,2018-09-30 16:15,EDT,61.38,P
USGS,02130561,2018-09-30 16:30,EDT,61.41,P
USGS,02130561,2018-09-30 16:45,EDT,61.33,P
USGS,02130561,2018-09-30 17:00,EDT,61.36,P
USGS,02130561,2018-09-30 17:15,EDT,61.26,P
USGS,02130561,2018-09-30 17:30,EDT,61.31,P
USGS,02130561,2018-09-30 17:45,EDT,61.19,P
USGS,02130561,2018-09-30 18:00,EDT,61.13,P
USGS,02130561,2018-09-30 18:15,EDT,61.18,P
USGS,02130561,2018-09-30 18:30,EDT,61.15,P
USGS,02130561,2018-09-30 18:45,EDT,60.99,P
USGS,02130561,2018-09-30 19:00,EDT,60.88,P
USGS,02130561,2018-09-30 19:15,EDT,60.84,P
USGS,02130561,2018-09-30 19:30,EDT,60.80,P
USGS,02130561,2018-09-30 19:45,EDT,60.77,P
USGS,02130561,2018-09-30 20:00,EDT,60.68,P
USGS,02130561,2018-09-30 20:15,EDT,60.64,P
USGS,02130561,2018-09-30 20:30,EDT,60.60,P
USGS,02130561,2018-09-30 20:45,EDT,60.57,P
USGS,02130561,2018-09-30 21:00,EDT,60.48,P
USGS,02130561,2018-09-30 21:15,EDT,60.41,P
USGS,02130561,2018-09-30 21:30,EDT,60.34,P
USGS,02130561,2018-09-30 21:45,EDT,60.31,P
USGS,02130561,2018-09-30 22:00,EDT,60.25,P
USGS,02130561,2018-09-30 22:15,EDT,60.20,P
USGS,02130561,2018-09-30 22:30,EDT,60.12,P
USGS,02130561,2018-09-30 22:45,EDT,60.05,P
USGS,02130561,2018-09-30 23:00,EDT,60.03,P
USGS,02130561,2018-09-30 23:15,EDT,59.95,P
USGS,02130561,2018-09-30 23:30,EDT,59.92,P
USGS,02130561,2018-09-30 23:45,EDT,59.84,P
USGS,02130561,2018-10-01 00:00,EDT,59.76,P
USGS,02130561,2018-10-01 00:15,EDT,59.72,P
USGS,02130561,2018-10-01 00:30,EDT,59.66,P
USGS,02130561,2018-10-01 00:45,EDT,59.60,P
USGS,02130561,2018-10-01 01:00,EDT,59.54,P
USGS,02130561,2018-10-01 01:15,EDT,59.49,P
USGS,02130561,2018-10-01 01:30,EDT,59.44,P
USGS,02130561,2018-10-01 01:45,EDT,59.37,P
USGS,02130561,2018-10-01 02:00,EDT,59.32,P
USGS,02130561,2018-10-01 02:15,EDT,59.25,P
USGS,02130561,2018-10-01 02:30,EDT,59.20,P
USGS,02130561,2018-10-01 02:45,EDT,59.15,P
USGS,02130561,2018-10-01 03:00,EDT,59.10,P
USGS,02130561,2018-10-01 03:15,EDT,59.05,P
USGS,02130561,2018-10-01 03:30,EDT,58.99,P
USGS,02130561,2018-10-01 03:45,EDT,58.94,P
USGS,02130561,2018-10-01 04:00,EDT,58.90,P
USGS,02130561,2018-10-01 04:15,EDT,58.82,P
USGS,02130561,2018-10-01 04:30,EDT,58.77,P
USGS,02130561,2018-10-01 04:45,EDT,58.71,P
USGS,02130561,2018-10-01 05:00,EDT,58.67,P
USGS,02130561,2018-10-01 05:15,EDT,58.62,P
USGS,02130561,2018-10-01 05:30,EDT,58.56,P
USGS,02130561,2018-10-01 05:45,EDT,58.53,P
USGS,02130561,2018-10-01 06:00,EDT,58.48,P
USGS,02130561,2018-10-01 06:15,EDT,58.42,P
USGS,02130561,2018-10-01 06:30,EDT,58.42,P
USGS,02130561,2018-10-01 06:45,EDT,58.34,P
USGS,02130561,2018-10-01 07:00,EDT,58.31,P
USGS,02130561,2018-10-01 07:15,EDT,58.29,P
USGS,02130561,2018-10-01 07:30,EDT,58.26,P
USGS,02130561,2018-10-01 07:45,EDT,58.24,P
USGS,02130561,2018-10-01 08:00,EDT,58.23,P
USGS,02130561,2018-10-01 08:15,EDT,58.22,P
USGS,02130561,2018-10-01 08:30,EDT,58.24,P
USGS,02130561,2018-10-01 08:45,EDT,58.25,P
USGS,02130561,2018-10-01 09:00,EDT,58.28,P
USGS,02130561,2018-10-01 09:15,EDT,58.31,P
USGS,02130561,2018-10-01 09:30,EDT,58.37,P
USGS,02130561,2018-10-01 09:45,EDT,58.43,P
USGS,02130561,2018-10-01 10:00,EDT,58.48,P
USGS,02130561,2018-10-01 10:15,EDT,58.54,P
USGS,02130561,2018-10-01 10:30,EDT,58.61,P
USGS,02130561,2018-10-01 10:45,EDT,58.70,P
USGS,02130561,2018-10-01 11:00,EDT,58.80,P
USGS,02130561,2018-10-01 11:15,EDT,58.88,P
USGS,02130561,2018-10-01 11:30,EDT,58.99,P
USGS,02130561,2018-10-01 11:45,EDT,59.08,P
USGS,02130561,2018-10-01 12:00,EDT,59.15,P
USGS,02130561,2018-10-01 12:15,EDT,59.24,P
USGS,02130561,2018-10-01 12:30,EDT,59.34,P
USGS,02130561,2018-10-01 12:45,EDT,59.39,P
USGS,02130561,2018-10-01 13:00,EDT,59.50,P
USGS,02130561,2018-10-01 13:15,EDT,59.58,P
USGS,02130561,2018-10-01 13:30,EDT,59.66,P
USGS,02130561,2018-10-01 13:45,EDT,59.72,P
USGS,02130561,2018-10-01 14:00,EDT,59.79,P
USGS,02130561,2018-10-01 14:15,EDT,59.85,P
USGS,02130561,2018-10-01 14:30,EDT,59.89,P
USGS,02130561,2018-10-01 14:45,EDT,59.94,P
USGS,02130561,2018-10-01 15:00,EDT,59.98,P
USGS,02130561,2018-10-01 15:15,EDT,60.03,P
USGS,02130561,2018-10-01 15:30,EDT,60.05,P
USGS,02130561,2018-10-01 15:45,EDT,60.06,P
USGS,02130561,2018-10-01 16:00,EDT,60.09,P
USGS,02130561,2018-10-01 16:15,EDT,60.11,P
USGS,02130561,2018-10-01 16:30,EDT,60.15,P
USGS,02130561,2018-10-01 16:45,EDT,60.13,P
USGS,02130561,2018-10-01 17:00,EDT,60.13,P
USGS,02130561,2018-10-01 17:15,EDT,60.13,P
USGS,02130561,2018-10-01 17:30,EDT,60.13,P
USGS,02130561,2018-10-01 17:45,EDT,60.13,P
USGS,02130561,2018-10-01 18:00,EDT,60.12,P
USGS,02130561,2018-10-01 18:15,EDT,60.10,P
USGS,02130561,2018-10-01 18:30,EDT,60.09,P
USGS,02130561,2018-10-01 18:45,EDT,60.07,P
USGS,02130561,2018-10-01 19:00,EDT,60.05,P
USGS,02130561,2018-10-01 19:15,EDT,60.04,P
USGS,02130561,2018-10-01 19:30,EDT,60.00,P
USGS,02130561,2018-10-01 19:45,EDT,59.98,P
USGS,02130561,2018-10-01 20:00,EDT,59.95,P
USGS,02130561,2018-10-01 20:15,EDT,59.91,P
USGS,02130561,2018-10-01 20:30,EDT,59.88,P
USGS,02130561,2018-10-01 20:45,EDT,59.84,P
USGS,02130561,2018-10-01 21:00,EDT,59.81,P
USGS,02130561,2018-10-01 21:15,EDT,59.77,P
USGS,02130561,2018-10-01 21:30,EDT,59.73,P
USGS,02130561,2018-10-01 21:45,EDT,59.70,P
USGS,02130561,2018-10-01 22:00,EDT,59.64,P
USGS,02130561,2018-10-01 22:15,EDT,59.61,P
USGS,02130561,2018-10-01 22:30,EDT,59.56,P
USGS,02130561,2018-10-01 22:45,EDT,59.51,P
USGS,02130561,2018-10-01 23:00,EDT,59.47,P
USGS,02130561,2018-10-01 23:15,EDT,59.42,P
USGS,02130561,2018-10-01 23:30,EDT,59.36,P
USGS,02130561,2018-10-01 23:45,EDT,59.32,P
USGS,02130561,2018-10-02 00:00,EDT,59.28,P
USGS,02130561,2018-10-02 00:15,EDT,59.23,P
USGS,02130561,2018-10-02 00:30,EDT,59.18,P
USGS,02130561,2018-10-02 00:45,EDT,59.13,P
USGS,02130561,2018-10-02 01:00,EDT,59.08,P
USGS,02130561,2018-10-02 01:15,EDT,59.03,P
USGS,02130561,2018-10-02 01:30,EDT,58.97,P
USGS,02130561,2018-10-02 01:45,EDT,58.91,P
USGS,02130561,2018-10-02 02:00,EDT,58.87,P
USGS,02130561,2018-10-02 02:15,EDT,58.81,P
USGS,02130561,2018-10-02 02:30,EDT,58.75,P
USGS,02130561,2018-10-02 02:45,EDT,58.70,P
USGS,02130561,2018-10-02 03:00,EDT,58.64,P
USGS,02130561,2018-10-02 03:15,EDT,58.60,P
USGS,02130561,2018-10-02 03:30,EDT,58.54,P
USGS,02130561,2018-10-02 03:45,EDT,58.48,P
USGS,02130561,2018-10-02 04:00,EDT,58.43,P
USGS,02130561,2018-10-02 04:15,EDT,58.38,P
USGS,02130561,2018-10-02 04:30,EDT,58.33,P
USGS,02130561,2018-10-02 04:45,EDT,58.29,P
USGS,02130561,2018-10-02 05:00,EDT,58.23,P
USGS,02130561,2018-10-02 05:15,EDT,58.20,P
USGS,02130561,2018-10-02 05:30,EDT,58.16,P
USGS,02130561,2018-10-02 05:45,EDT,58.12,P
USGS,02130561,2018-10-02 06:00,EDT,58.09,P
USGS,02130561,2018-10-02 06:15,EDT,58.07,P
USGS,02130561,2018-10-02 06:30,EDT,58.06,P
USGS,02130561,2018-10-02 06:45,EDT,58.06,P
USGS,02130561,2018-10-02 07:00,EDT,58.08,P
USGS,02130561,2018-10-02 07:15,EDT,58.11,P
USGS,02130561,2018-10-02 07:30,EDT,58.14,P
USGS,02130561,2018-10-02 07:45,EDT,58.20,P
USGS,02130561,2018-10-02 08:00,EDT,58.26,P
USGS,02130561,2018-10-02 08:15,EDT,58.35,P
USGS,02130561,2018-10-02 08:30,EDT,58.45,P
USGS,02130561,2018-10-02 08:45,EDT,58.55,P
USGS,02130561,2018-10-02 09:00,EDT,58.67,P
USGS,02130561,2018-10-02 09:15,EDT,58.79,P
USGS,02130561,2018-10-02 09:30,EDT,58.91,P
USGS,02130561,2018-10-02 09:45,EDT,59.03,P
USGS,02130561,2018-10-02 10:00,EDT,59.15,P
USGS,02130561,2018-10-02 10:15,EDT,59.28,P
USGS,02130561,2018-10-02 10:30,EDT,59.41,P
USGS,02130561,2018-10-02 10:45,EDT,59.53,P
USGS,02130561,2018-10-02 11:00,EDT,59.62,P
USGS,02130561,2018-10-02 11:15,EDT,59.74,P
USGS,02130561,2018-10-02 11:30,EDT,59.84,P
USGS,02130561,2018-10-02 11:45,EDT,59.94,P
USGS,02130561,2018-10-02 12:00,EDT,60.03,P
USGS,02130561,2018-10-02 12:15,EDT,60.12,P
USGS,02130561,2018-10-02 12:30,EDT,60.18,P
USGS,02130561,2018-10-02 12:45,EDT,60.26,P
USGS,02130561,2018-10-02 13:00,EDT,60.32,P
USGS,02130561,2018-10-02 13:15,EDT,60.38,P
USGS,02130561,2018-10-02 13:30,EDT,60.42,P
USGS,02130561,2018-10-02 13:45,EDT,60.47,P
USGS,02130561,2018-10-02 14:00,EDT,60.50,P
USGS,02130561,2018-10-02 14:15,EDT,60.53,P
USGS,02130561,2018-10-02 14:30,EDT,60.56,P
USGS,02130561,2018-10-02 14:45,EDT,60.58,P
USGS,02130561,2018-10-02 15:00,EDT,60.60,P
USGS,02130561,2018-10-02 15:15,EDT,60.61,P
USGS,02130561,2018-10-02 15:30,EDT,60.61,P
USGS,02130561,2018-10-02 15:45,EDT,60.61,P
USGS,02130561,2018-10-02 16:00,EDT,60.61,P
USGS,02130561,2018-10-02 16:15,EDT,60.60,P
USGS,02130561,2018-10-02 16:30,EDT,60.59,P
USGS,02130561,2018-10-02 16:45,EDT,60.56,P
USGS,02130561,2018-10-02 17:00,EDT,60.55,P
USGS,02130561,2018-10-02 17:15,EDT,60.53,P
USGS,02130561,2018-10-02 17:30,EDT,60.51,P
USGS,02130561,2018-10-02 17:45,EDT,60.48,P
USGS,02130561,2018-10-02 18:00,EDT,60.45,P
USGS,02130561,2018-10-02 18:15,EDT,60.41,P
USGS,02130561,2018-10-02 18:30,EDT,60.39,P
USGS,02130561,2018-10-02 18:45,EDT,60.35,P
USGS,02130561,2018-10-02 19:00,EDT,60.30,P
USGS,02130561,2018-10-02 19:15,EDT,60.27,P
USGS,02130561,2018-10-02 19:30,EDT,60.22,P
USGS,02130561,2018-10-02 19:45,EDT,60.18,P
USGS,02130561,2018-10-02 20:00,EDT,60.13,P
USGS,02130561,2018-10-02 20:15,EDT,60.08,P
USGS,02130561,2018-10-02 20:30,EDT,60.03,P
USGS,02130561,2018-10-02 20:45,EDT,59.98,P
USGS,02130561,2018-10-02 21:00,EDT,59.93,P
USGS,02130561,2018-10-02 21:15,EDT,59.88,P
USGS,02130561,2018-10-02 21:30,EDT,59.82,P
USGS,02130561,2018-10-02 21:45,EDT,59.77,P
USGS,02130561,2018-10-02 22:00,EDT,59.72,P
USGS,02130561,2018-10-02 22:15,EDT,59.66,P
USGS,02130561,2018-10-02 22:30,EDT,59.60,P
USGS,02130561,2018-10-02 22:45,EDT,59.55,P
USGS,02130561,2018-10-02 23:00,EDT,59.49,P
USGS,02130561,2018-10-02 23:15,EDT,59.43,P
USGS,02130561,2018-10-02 23:30,EDT,59.38,P
USGS,02130561,2018-10-02 23:45,EDT,59.32,P
USGS,02130561,2018-10-03 00:00,EDT,59.26,P
USGS,02130561,2018-10-03 00:15,EDT,59.20,P
USGS,02130561,2018-10-03 00:30,EDT,59.14,P
USGS,02130561,2018-10-03 00:45,EDT,59.08,P
USGS,02130561,2018-10-03 01:00,EDT,59.02,P
USGS,02130561,2018-10-03 01:15,EDT,58.95,P
USGS,02130561,2018-10-03 01:30,EDT,58.89,P
USGS,02130561,2018-10-03 01:45,EDT,58.83,P
USGS,02130561,2018-10-03 02:00,EDT,58.78,P
USGS,02130561,2018-10-03 02:15,EDT,58.72,P
USGS,02130561,2018-10-03 02:30,EDT,58.66,P
USGS,02130561,2018-10-03 02:45,EDT,58.59,P
USGS,02130561,2018-10-03 03:00,EDT,58.53,P
USGS,02130561,2018-10-03 03:15,EDT,58.48,P
USGS,02130561,2018-10-03 03:30,EDT,58.41,P
USGS,02130561,2018-10-03 03:45,EDT,58.36,P
USGS,02130561,2018-10-03 04:00,EDT,58.31,P
USGS,02130561,2018-10-03 04:15,EDT,58.26,P
USGS,02130561,2018-10-03 04:30,EDT,58.20,P
USGS,02130561,2018-10-03 04:45,EDT,58.14,P
USGS,02130561,2018-10-03 05:00,EDT,58.10,P
USGS,02130561,2018-10-03 05:15,EDT,58.04,P
USGS,02130561,2018-10-03 05:30,EDT,58.00,P
USGS,02130561,2018-10-03 05:45,EDT,57.95,P
USGS,02130561,2018-10-03 06:00,EDT,57.93,P
USGS,02130561,2018-10-03 06:15,EDT,57.90,P
USGS,02130561,2018-10-03 06:30,EDT,57.89,P
USGS,02130561,2018-10-03 06:45,EDT,57.87,P
USGS,02130561,2018-10-03 07:00,EDT,57.88,P
USGS,02130561,2018-10-03 07:15,EDT,57.90,P
USGS,02130561,2018-10-03 07:30,EDT,57.92,P
USGS,02130561,2018-10-03 07:45,EDT,57.98,P
USGS,02130561,2018-10-03 08:00,EDT,58.04,P
USGS,02130561,2018-10-03 08:15,EDT,58.13,P
USGS,02130561,2018-10-03 08:30,EDT,58.21,P
USGS,02130561,2018-10-03 08:45,EDT,58.31,P
USGS,02130561,2018-10-03 09:00,EDT,58.44,P
USGS,02130561,2018-10-03 09:15,EDT,58.56,P
USGS,02130561,2018-10-03 09:30,EDT,58.69,P
USGS,02130561,2018-10-03 09:45,EDT,58.82,P
USGS,02130561,2018-10-03 10:00,EDT,58.95,P
USGS,02130561,2018-10-03 10:15,EDT,59.08,P
USGS,02130561,2018-10-03 10:30,EDT,59.21,P
USGS,02130561,2018-10-03 10:45,EDT,59.33,P
USGS,02130561,2018-10-03 11:00,EDT,59.45,P
USGS,02130561,2018-10-03 11:15,EDT,59.57,P
USGS,02130561,2018-10-03 11:30,EDT,59.69,P
USGS,02130561,2018-10-03 11:45,EDT,59.80,P
USGS,02130561,2018-10-03 12:00,EDT,59.89,P
USGS,02130561,2018-10-03 12:15,EDT,59.98,P
USGS,02130561,2018-10-03 12:30,EDT,60.05,P
USGS,02130561,2018-10-03 12:45,EDT,60.14,P
USGS,02130561,2018-10-03 13:00,EDT,60.22,P
USGS,02130561,2018-10-03 13:15,EDT,60.29,P
USGS,02130561,2018-10-03 13:30,EDT,60.34,P
USGS,02130561,2018-10-03 13:45,EDT,60.39,P
USGS,02130561,2018-10-03 14:00,EDT,60.43,P
USGS,02130561,2018-10-03 14:15,EDT,60.47,P
USGS,02130561,2018-10-03 14:30,EDT,60.49,P
USGS,02130561,2018-10-03 14:45,EDT,60.53,P
USGS,02130561,2018-10-03 15:00,EDT,60.53,P
USGS,02130561,2018-10-03 15:15,EDT,60.56,P
USGS,02130561,2018-10-03 15:30,EDT,60.57,P
USGS,02130561,2018-10-03 15:45,EDT,60.56,P
USGS,02130561,2018-10-03 16:00,EDT,60.56,P
USGS,02130561,2018-10-03 16:15,EDT,60.55,P
USGS,02130561,2018-10-03 16:30,EDT,60.56,P
USGS,02130561,2018-10-03 16:45,EDT,60.53,P
USGS,02130561,2018-10-03 17:00,EDT,60.51,P
USGS,02130561,2018-10-03 17:15,EDT,60.49,P
USGS,02130561,2018-10-03 17:30,EDT,60.47,P
USGS,02130561,2018-10-03 17:45,EDT,60.44,P
USGS,02130561,2018-10-03 18:00,EDT,60.42,P
USGS,02130561,2018-10-03 18:15,EDT,60.38,P
USGS,02130561,2018-10-03 18:30,EDT,60.35,P
USGS,02130561,2018-10-03 18:45,EDT,60.32,P
USGS,02130561,2018-10-03 19:00,EDT,60.27,P
USGS,02130561,2018-10-03 19:15,EDT,60.25,P
USGS,02130561,2018-10-03 19:30,EDT,60.21,P
USGS,02130561,2018-10-03 19:45,EDT,60.15,P
USGS,02130561,2018-10-03 20:00,EDT,60.09,P
USGS,02130561,2018-10-03 20:15,EDT,60.04,P
USGS,02130561,2018-10-03 20:30,EDT,59.98,P
USGS,02130561,2018-10-03 20:45,EDT,59.94,P
USGS,02130561,2018-10-03 21:00,EDT,59.88,P
USGS,02130561,2018-10-03 21:15,EDT,59.83,P
USGS,02130561,2018-10-03 21:30,EDT,59.78,P
USGS,02130561,2018-10-03 21:45,EDT,59.72,P
USGS,02130561,2018-10-03 22:00,EDT,59.67,P
USGS,02130561,2018-10-03 22:15,EDT,59.61,P
USGS,02130561,2018-10-03 22:30,EDT,59.55,P
USGS,02130561,2018-10-03 22:45,EDT,59.51,P
USGS,02130561,2018-10-03 23:00,EDT,59.44,P
USGS,02130561,2018-10-03 23:15,EDT,59.38,P
USGS,02130561,2018-10-03 23:30,EDT,59.33,P
USGS,02130561,2018-10-03 23:45,EDT,59.27,P
USGS,02130561,2018-10-04 00:00,EDT,59.21,P
USGS,02130561,2018-10-04 00:15,EDT,59.15,P
USGS,02130561,2018-10-04 00:30,EDT,59.09,P
USGS,02130561,2018-10-04 00:45,EDT,59.03,P
USGS,02130561,2018-10-04 01:00,EDT,58.97,P
USGS,02130561,2018-10-04 01:15,EDT,58.91,P
USGS,02130561,2018-10-04 01:30,EDT,58.84,P
USGS,02130561,2018-10-04 01:45,EDT,58.78,P
USGS,02130561,2018-10-04 02:00,EDT,58.73,P
USGS,02130561,2018-10-04 02:15,EDT,58.65,P
USGS,02130561,2018-10-04 02:30,EDT,58.60,P
USGS,02130561,2018-10-04 02:45,EDT,58.54,P
USGS,02130561,2018-10-04 03:00,EDT,58.48,P
USGS,02130561,2018-10-04 03:15,EDT,58.42,P
USGS,02130561,2018-10-04 03:30,EDT,58.36,P
USGS,02130561,2018-10-04 03:45,EDT,58.30,P
USGS,02130561,2018-10-04 04:00,EDT,58.25,P
USGS,02130561,2018-10-04 04:15,EDT,58.19,P
USGS,02130561,2018-10-04 04:30,EDT,58.14,P
USGS,02130561,2018-10-04 04:45,EDT,58.08,P
USGS,02130561,2018-10-04 05:00,EDT,58.03,P
USGS,02130561,2018-10-04 05:15,EDT,57.98,P
USGS,02130561,2018-10-04 05:30,EDT,57.92,P
USGS,02130561,2018-10-04 05:45,EDT,57.86,P
USGS,02130561,2018-10-04 06:00,EDT,57.81,P
USGS,02130561,2018-10-04 06:15,EDT,57.75,P
USGS,02130561,2018-10-04 06:30,EDT,57.70,P
USGS,02130561,2018-10-04 06:45,EDT,57.65,P
USGS,02130561,2018-10-04 07:00,EDT,57.60,P
USGS,02130561,2018-10-04 07:15,EDT,57.55,P
USGS,02130561,2018-10-04 07:30,EDT,57.50,P
USGS,02130561,2018-10-04 07:45,EDT,57.47,P
USGS,02130561,2018-10-04 08:00,EDT,57.43,P
USGS,02130561,2018-10-04 08:15,EDT,57.41,P
USGS,02130561,2018-10-04 08:30,EDT,57.39,P
USGS,02130561,2018-10-04 08:45,EDT,57.37,P
USGS,02130561,2018-10-04 09:00,EDT,57.37,P
USGS,02130561,2018-10-04 09:15,EDT,57.38,P
USGS,02130561,2018-10-04 09:30,EDT,57.40,P
USGS,02130561,2018-10-04 09:45,EDT,57.43,P
USGS,02130561,2018-10-04 10:00,EDT,57.47,P
USGS,02130561,2018-10-04 10:15,EDT,57.53,P
USGS,02130561,2018-10-04 10:30,EDT,57.60,P
USGS,02130561,2018-10-04 10:45,EDT,57.68,P
USGS,02130561,2018-10-04 11:00,EDT,57.75,P
USGS,02130561,2018-10-04 11:15,EDT,57.85,P
USGS,02130561,2018-10-04 11:30,EDT,57.94,P
USGS,02130561,2018-10-04 11:45,EDT,58.04,P
USGS,02130561,2018-10-04 12:00,EDT,58.14,P
USGS,02130561,2018-10-04 12:15,EDT,58.23,P
USGS,02130561,2018-10-04 12:30,EDT,58.33,P
USGS,02130561,2018-10-04 12:45,EDT,58.43,P
USGS,02130561,2018-10-04 13:00,EDT,58.52,P
USGS,02130561,2018-10-04 13:15,EDT,58.60,P
USGS,02130561,2018-10-04 13:30,EDT,58.68,P
USGS,02130561,2018-10-04 13:45,EDT,58.77,P
USGS,02130561,2018-10-04 14:00,EDT,58.84,P
USGS,02130561,2018-10-04 14:15,EDT,58.91,P
USGS,02130561,2018-10-04 14:30,EDT,58.97,P
USGS,02130561,2018-10-04 14:45,EDT,59.03,P
USGS,02130561,2018-10-04 15:00,EDT,59.08,P
USGS,02130561,2018-10-04 15:15,EDT,59.13,P
USGS,02130561,2018-10-04 15:30,EDT,59.17,P
USGS,02130561,2018-10-04 15:45,EDT,59.21,P
USGS,02130561,2018-10-04 16:00,EDT,59.25,P
USGS,02130561,2018-10-04 16:15,EDT,59.26,P
USGS,02130561,2018-10-04 16:30,EDT,59.28,P
USGS,02130561,2018-10-04 16:45,EDT,59.30,P
USGS,02130561,2018-10-04 17:00,EDT,59.32,P
USGS,02130561,2018-10-04 17:15,EDT,59.33,P
USGS,02130561,2018-10-04 17:30,EDT,59.33,P
USGS,02130561,2018-10-04 17:45,EDT,59.33,P
USGS,02130561,2018-10-04 18:00,EDT,59.31,P
USGS,02130561,2018-10-04 18:15,EDT,59.31,P
USGS,02130561,2018-10-04 18:30,EDT,59.30,P
USGS,02130561,2018-10-04 18:45,EDT,59.29,P
USGS,02130561,2018-10-04 19:00,EDT,59.27,P
USGS,02130561,2018-10-04 19:15,EDT,59.26,P
USGS,02130561,2018-10-04 19:30,EDT,59.23,P
USGS,02130561,2018-10-04 19:45,EDT,59.21,P
USGS,02130561,2018-10-04 20:00,EDT,59.18,P
USGS,02130561,2018-10-04 20:15,EDT,59.15,P
USGS,02130561,2018-10-04 20:30,EDT,59.13,P
USGS,02130561,2018-10-04 20:45,EDT,59.10,P
USGS,02130561,2018-10-04 21:00,EDT,59.06,P
USGS,02130561,2018-10-04 21:15,EDT,59.02,P
USGS,02130561,2018-10-04 21:30,EDT,58.99,P
USGS,02130561,2018-10-04 21:45,EDT,58.96,P
USGS,02130561,2018-10-04 22:00,EDT,58.92,P
USGS,02130561,2018-10-04 22:15,EDT,58.87,P
USGS,02130561,2018-10-04 22:30,EDT,58.83,P
USGS,02130561,2018-10-04 22:45,EDT,58.79,P
USGS,02130561,2018-10-04 23:00,EDT,58.74,P
USGS,02130561,2018-10-04 23:15,EDT,58.70,P
USGS,02130561,2018-10-04 23:30,EDT,58.65,P
USGS,02130561,2018-10-04 23:45,EDT,58.60,P
USGS,02130561,2018-10-05 00:00,EDT,58.56,P
USGS,02130561,2018-10-05 00:15,EDT,58.51,P
USGS,02130561,2018-10-05 00:30,EDT,58.46,P
USGS,02130561,2018-10-05 00:45,EDT,58.41,P
USGS,02130561,2018-10-05 01:00,EDT,58.37,P
USGS,02130561,2018-10-05 01:15,EDT,58.31,P
USGS,02130561,2018-10-05 01:30,EDT,58.26,P
USGS,02130561,2018-10-05 01:45,EDT,58.21,P
USGS,02130561,2018-10-05 02:00,EDT,58.16,P
USGS,02130561,2018-10-05 02:15,EDT,58.11,P
USGS,02130561,2018-10-05 02:30,EDT,58.06,P
USGS,02130561,2018-10-05 02:45,EDT,58.01,P
USGS,02130561,2018-10-05 03:00,EDT,57.97,P
USGS,02130561,2018-10-05 03:15,EDT,57.91,P
USGS,02130561,2018-10-05 03:30,EDT,57.86,P
USGS,02130561,2018-10-05 03:45,EDT,57.81,P
USGS,02130561,2018-10-05 04:00,EDT,57.77,P
USGS,02130561,2018-10-05 04:15,EDT,57.71,P
USGS,02130561,2018-10-05 04:30,EDT,57.66,P
USGS,02130561,2018-10-05 04:45,EDT,57.60,P
USGS,02130561,2018-10-05 05:00,EDT,57.56,P
USGS,02130561,2018-10-05 05:15,EDT,57.50,P
USGS,02130561,2018-10-05 05:30,EDT,57.46,P
USGS,02130561,2018-10-05 05:45,EDT,57.41,P
USGS,02130561,2018-10-05 06:00,EDT,57.36,P
USGS,02130561,2018-10-05 06:15,EDT,57.31,P
USGS,02130561,2018-10-05 06:30,EDT,57.26,P
USGS,02130561,2018-10-05 06:45,EDT,57.22,P
USGS,02130561,2018-10-05 07:00,EDT,57.18,P
USGS,02130561,2018-10-05 07:15,EDT,57.15,P
USGS,02130561,2018-10-05 07:30,EDT,57.12,P
USGS,02130561,2018-10-05 07:45,EDT,57.10,P
USGS,02130561,2018-10-05 08:00,EDT,57.08,P
USGS,02130561,2018-10-05 08:15,EDT,57.09,P
USGS,02130561,2018-10-05 08:30,EDT,57.10,P
USGS,02130561,2018-10-05 08:45,EDT,57.13,P
USGS,02130561,2018-10-05 09:00,EDT,57.17,P
USGS,02130561,2018-10-05 09:15,EDT,57.23,P
USGS,02130561,2018-10-05 09:30,EDT,57.29,P
USGS,02130561,2018-10-05 09:45,EDT,57.39,P
USGS,02130561,2018-10-05 10:00,EDT,57.48,P
USGS,02130561,2018-10-05 10:15,EDT,57.57,P
USGS,02130561,2018-10-05 10:30,EDT,57.69,P
USGS,02130561,2018-10-05 10:45,EDT,57.79,P
USGS,02130561,2018-10-05 11:00,EDT,57.92,P
USGS,02130561,2018-10-05 11:15,EDT,58.03,P
USGS,02130561,2018-10-05 11:30,EDT,58.14,P
USGS,02130561,2018-10-05 11:45,EDT,58.26,P
USGS,02130561,2018-10-05 12:00,EDT,58.37,P
USGS,02130561,2018-10-05 12:15,EDT,58.48,P
USGS,02130561,2018-10-05 12:30,EDT,58.61,P
USGS,02130561,2018-10-05 12:45,EDT,58.70,P
USGS,02130561,2018-10-05 13:00,EDT,58.80,P
USGS,02130561,2018-10-05 13:15,EDT,58.87,P
USGS,02130561,2018-10-05 13:30,EDT,58.96,P
USGS,02130561,2018-10-05 16:45,EDT,59.76,P
USGS,02130561,2018-10-05 17:00,EDT,59.79,P
USGS,02130561,2018-10-05 17:15,EDT,59.44,P
USGS,02130561,2018-10-05 17:30,EDT,59.42,P
USGS,02130561,2018-10-05 17:45,EDT,59.41,P
USGS,02130561,2018-10-05 18:00,EDT,59.40,P
USGS,02130561,2018-10-05 18:15,EDT,59.39,P
USGS,02130561,2018-10-05 18:30,EDT,59.37,P
USGS,02130561,2018-10-05 18:45,EDT,59.35,P
USGS,02130561,2018-10-05 19:00,EDT,59.32,P
USGS,02130561,2018-10-05 19:15,EDT,59.29,P
USGS,02130561,2018-10-05 19:30,EDT,59.26,P
USGS,02130561,2018-10-05 19:45,EDT,59.23,P
USGS,02130561,2018-10-05 20:00,EDT,59.21,P
USGS,02130561,2018-10-05 20:15,EDT,59.17,P
USGS,02130561,2018-10-05 20:30,EDT,59.12,P
USGS,02130561,2018-10-05 20:45,EDT,59.09,P
USGS,02130561,2018-10-05 21:00,EDT,59.05,P
USGS,02130561,2018-10-05 21:15,EDT,59.01,P
USGS,02130561,2018-10-05 21:30,EDT,58.97,P
USGS,02130561,2018-10-05 21:45,EDT,58.92,P
USGS,02130561,2018-10-05 22:00,EDT,58.87,P
USGS,02130561,2018-10-05 22:15,EDT,58.83,P
USGS,02130561,2018-10-05 22:30,EDT,58.78,P
USGS,02130561,2018-10-05 22:45,EDT,58.74,P
USGS,02130561,2018-10-05 23:00,EDT,58.69,P
USGS,02130561,2018-10-05 23:15,EDT,58.64,P
USGS,02130561,2018-10-05 23:30,EDT,58.59,P
USGS,02130561,2018-10-05 23:45,EDT,58.53,P
USGS,02130561,2018-10-06 00:00,EDT,58.48,P
USGS,02130561,2018-10-06 00:15,EDT,58.43,P
USGS,02130561,2018-10-06 00:30,EDT,58.38,P
USGS,02130561,2018-10-06 00:45,EDT,58.33,P
USGS,02130561,2018-10-06 01:00,EDT,58.28,P
USGS,02130561,2018-10-06 01:15,EDT,58.22,P
USGS,02130561,2018-10-06 01:30,EDT,58.17,P
USGS,02130561,2018-10-06 01:45,EDT,58.12,P
USGS,02130561,2018-10-06 02:00,EDT,58.06,P
USGS,02130561,2018-10-06 02:15,EDT,58.00,P
USGS,02130561,2018-10-06 02:30,EDT,57.95,P
USGS,02130561,2018-10-06 02:45,EDT,57.89,P
USGS,02130561,2018-10-06 03:00,EDT,57.84,P
USGS,02130561,2018-10-06 03:15,EDT,57.79,P
USGS,02130561,2018-10-06 03:30,EDT,57.74,P
USGS,02130561,2018-10-06 03:45,EDT,57.68,P
USGS,02130561,2018-10-06 04:00,EDT,57.63,P
USGS,02130561,2018-10-06 04:15,EDT,57.58,P
USGS,02130561,2018-10-06 04:30,EDT,57.52,P
USGS,02130561,2018-10-06 04:45,EDT,57.47,P
USGS,02130561,2018-10-06 05:00,EDT,57.42,P
USGS,02130561,2018-10-06 05:15,EDT,57.37,P
USGS,02130561,2018-10-06 05:30,EDT,57.31,P
USGS,02130561,2018-10-06 05:45,EDT,57.26,P
USGS,02130561,2018-10-06 06:00,EDT,57.21,P
USGS,02130561,2018-10-06 06:15,EDT,57.16,P
USGS,02130561,2018-10-06 06:30,EDT,57.11,P
USGS,02130561,2018-10-06 06:45,EDT,57.05,P
USGS,02130561,2018-10-06 07:00,EDT,57.01,P
USGS,02130561,2018-10-06 07:15,EDT,56.96,P
USGS,02130561,2018-10-06 07:30,EDT,56.90,P
USGS,02130561,2018-10-06 07:45,EDT,56.86,P
USGS,02130561,2018-10-06 08:00,EDT,56.81,P
USGS,02130561,2018-10-06 08:15,EDT,56.76,P
USGS,02130561,2018-10-06 08:30,EDT,56.72,P
USGS,02130561,2018-10-06 08:45,EDT,56.67,P
USGS,02130561,2018-10-06 09:00,EDT,56.63,P
USGS,02130561,2018-10-06 09:15,EDT,56.60,P
USGS,02130561,2018-10-06 09:30,EDT,56.56,P
USGS,02130561,2018-10-06 09:45,EDT,56.54,P
USGS,02130561,2018-10-06 10:00,EDT,56.52,P
USGS,02130561,2018-10-06 10:15,EDT,56.51,P
USGS,02130561,2018-10-06 10:30,EDT,56.51,P
USGS,02130561,2018-10-06 10:45,EDT,56.52,P
USGS,02130561,2018-10-06 11:00,EDT,56.54,P
USGS,02130561,2018-10-06 11:15,EDT,56.58,P
USGS,02130561,2018-10-06 11:30,EDT,56.63,P
USGS,02130561,2018-10-06 11:45,EDT,56.70,P
USGS,02130561,2018-10-06 12:00,EDT,56.77,P
USGS,02130561,2018-10-06 12:15,EDT,56.85,P
USGS,02130561,2018-10-06 12:30,EDT,56.94,P
USGS,02130561,2018-10-06 12:45,EDT,57.03,P
USGS,02130561,2018-10-06 13:00,EDT,57.13,P
USGS,02130561,2018-10-06 13:15,EDT,57.24,P
USGS,02130561,2018-10-06 13:30,EDT,57.33,P
USGS,02130561,2018-10-06 13:45,EDT,57.44,P
USGS,02130561,2018-10-06 14:00,EDT,57.53,P
USGS,02130561,2018-10-06 14:15,EDT,57.63,P
USGS,02130561,2018-10-06 14:30,EDT,57.73,P
USGS,02130561,2018-10-06 14:45,EDT,57.81,P
USGS,02130561,2018-10-06 15:00,EDT,57.90,P
USGS,02130561,2018-10-06 15:15,EDT,57.98,P
USGS,02130561,2018-10-06 15:30,EDT,58.05,P
USGS,02130561,2018-10-06 15:45,EDT,58.12,P
USGS,02130561,2018-10-06 16:00,EDT,58.18,P
USGS,02130561,2018-10-06 16:15,EDT,58.23,P
USGS,02130561,2018-10-06 16:30,EDT,58.28,P
USGS,02130561,2018-10-06 16:45,EDT,58.32,P
USGS,02130561,2018-10-06 17:00,EDT,58.35,P
USGS,02130561,2018-10-06 17:15,EDT,58.39,P
USGS,02130561,2018-10-06 17:30,EDT,58.42,P
USGS,02130561,2018-10-06 17:45,EDT,58.45,P
USGS,02130561,2018-10-06 18:00,EDT,58.46,P
USGS,02130561,2018-10-06 18:15,EDT,58.48,P
USGS,02130561,2018-10-06 18:30,EDT,58.49,P
USGS,02130561,2018-10-06 18:45,EDT,58.50,P
USGS,02130561,2018-10-06 19:00,EDT,58.50,P
USGS,02130561,2018-10-06 19:15,EDT,58.51,P
USGS,02130561,2018-10-06 19:30,EDT,58.50,P
USGS,02130561,2018-10-06 19:45,EDT,58.49,P
USGS,02130561,2018-10-06 20:00,EDT,58.48,P
USGS,02130561,2018-10-06 20:15,EDT,58.47,P
USGS,02130561,2018-10-06 20:30,EDT,58.45,P
USGS,02130561,2018-10-06 20:45,EDT,58.44,P
USGS,02130561,2018-10-06 21:00,EDT,58.42,P
USGS,02130561,2018-10-06 21:15,EDT,58.39,P
USGS,02130561,2018-10-06 21:30,EDT,58.37,P
USGS,02130561,2018-10-06 21:45,EDT,58.35,P
USGS,02130561,2018-10-06 22:00,EDT,58.32,P
USGS,02130561,2018-10-06 22:15,EDT,58.29,P
USGS,02130561,2018-10-06 22:30,EDT,58.26,P
USGS,02130561,2018-10-06 22:45,EDT,58.23,P
USGS,02130561,2018-10-06 23:00,EDT,58.19,P
USGS,02130561,2018-10-06 23:15,EDT,58.16,P
USGS,02130561,2018-10-06 23:30,EDT,58.13,P
USGS,02130561,2018-10-06 23:45,EDT,58.08,P
USGS,02130561,2018-10-07 00:00,EDT,58.05,P
USGS,02130561,2018-10-07 00:15,EDT,58.01,P
USGS,02130561,2018-10-07 00:30,EDT,57.97,P
USGS,02130561,2018-10-07 00:45,EDT,57.93,P
USGS,02130561,2018-10-07 01:00,EDT,57.89,P
USGS,02130561,2018-10-07 01:15,EDT,57.84,P
USGS,02130561,2018-10-07 01:30,EDT,57.80,P
USGS,02130561,2018-10-07 01:45,EDT,57.75,P
USGS,02130561,2018-10-07 02:00,EDT,57.71,P
USGS,02130561,2018-10-07 02:15,EDT,57.67,P
USGS,02130561,2018-10-07 02:30,EDT,57.62,P
USGS,02130561,2018-10-07 02:45,EDT,57.58,P
USGS,02130561,2018-10-07 03:00,EDT,57.53,P
USGS,02130561,2018-10-07 03:15,EDT,57.48,P
USGS,02130561,2018-10-07 03:30,EDT,57.44,P
USGS,02130561,2018-10-07 03:45,EDT,57.40,P
USGS,02130561,2018-10-07 04:00,EDT,57.35,P
USGS,02130561,2018-10-07 04:15,EDT,57.31,P
USGS,02130561,2018-10-07 04:30,EDT,57.26,P
USGS,02130561,2018-10-07 04:45,EDT,57.22,P
USGS,02130561,2018-10-07 05:00,EDT,57.17,P
USGS,02130561,2018-10-07 05:15,EDT,57.12,P
USGS,02130561,2018-10-07 05:30,EDT,57.07,P
USGS,02130561,2018-10-07 05:45,EDT,57.03,P
USGS,02130561,2018-10-07 06:00,EDT,56.98,P
USGS,02130561,2018-10-07 06:15,EDT,56.94,P
USGS,02130561,2018-10-07 06:30,EDT,56.90,P
USGS,02130561,2018-10-07 06:45,EDT,56.85,P
USGS,02130561,2018-10-07 07:00,EDT,56.81,P
USGS,02130561,2018-10-07 07:15,EDT,56.77,P
USGS,02130561,2018-10-07 07:30,EDT,56.72,P
USGS,02130561,2018-10-07 07:45,EDT,56.69,P
USGS,02130561,2018-10-07 08:00,EDT,56.67,P
USGS,02130561,2018-10-07 08:15,EDT,56.64,P
USGS,02130561,2018-10-07 08:30,EDT,56.62,P
USGS,02130561,2018-10-07 08:45,EDT,56.62,P
USGS,02130561,2018-10-07 09:00,EDT,56.62,P
USGS,02130561,2018-10-07 09:15,EDT,56.64,P
USGS,02130561,2018-10-07 09:30,EDT,56.67,P
USGS,02130561,2018-10-07 09:45,EDT,56.71,P
USGS,02130561,2018-10-07 10:00,EDT,56.77,P
USGS,02130561,2018-10-07 10:15,EDT,56.84,P
USGS,02130561,2018-10-07 10:30,EDT,56.92,P
USGS,02130561,2018-10-07 10:45,EDT,57.02,P
USGS,02130561,2018-10-07 11:00,EDT,57.11,P
USGS,02130561,2018-10-07 11:15,EDT,57.23,P
USGS,02130561,2018-10-07 11:30,EDT,57.34,P
USGS,02130561,2018-10-07 11:45,EDT,57.45,P
USGS,02130561,2018-10-07 12:00,EDT,57.57,P
USGS,02130561,2018-10-07 12:15,EDT,57.68,P
USGS,02130561,2018-10-07 12:30,EDT,57.80,P
USGS,02130561,2018-10-07 12:45,EDT,57.91,P
USGS,02130561,2018-10-07 13:00,EDT,58.02,P
USGS,02130561,2018-10-07 13:15,EDT,58.12,P
USGS,02130561,2018-10-07 13:30,EDT,58.21,P
USGS,02130561,2018-10-07 13:45,EDT,58.30,P
USGS,02130561,2018-10-07 14:00,EDT,58.38,P
USGS,02130561,2018-10-07 14:15,EDT,58.46,P
USGS,02130561,2018-10-07 14:30,EDT,58.53,P
USGS,02130561,2018-10-07 14:45,EDT,58.59,P
USGS,02130561,2018-10-07 15:00,EDT,58.66,P
USGS,02130561,2018-10-07 15:15,EDT,58.73,P
USGS,02130561,2018-10-07 15:30,EDT,58.77,P
USGS,02130561,2018-10-07 15:45,EDT,58.81,P
USGS,02130561,2018-10-07 16:00,EDT,58.85,P
USGS,02130561,2018-10-07 16:15,EDT,58.89,P
USGS,02130561,2018-10-07 16:30,EDT,58.90,P
USGS,02130561,2018-10-07 16:45,EDT,58.90,P
USGS,02130561,2018-10-07 17:00,EDT,58.91,P
USGS,02130561,2018-10-07 17:15,EDT,58.93,P
USGS,02130561,2018-10-07 17:30,EDT,58.94,P
USGS,02130561,2018-10-07 17:45,EDT,58.94,P
USGS,02130561,2018-10-07 18:00,EDT,58.92,P
USGS,02130561,2018-10-07 18:15,EDT,58.92,P
USGS,02130561,2018-10-07 18:30,EDT,58.92,P
USGS,02130561,2018-10-07 18:45,EDT,58.90,P
USGS,02130561,2018-10-07 19:00,EDT,58.89,P
USGS,02130561,2018-10-07 19:15,EDT,58.88,P
USGS,02130561,2018-10-07 19:30,EDT,58.85,P
USGS,02130561,2018-10-07 19:45,EDT,58.82,P
USGS,02130561,2018-10-07 20:00,EDT,58.81,P
USGS,02130561,2018-10-07 20:15,EDT,58.78,P
USGS,02130561,2018-10-07 20:30,EDT,58.74,P
USGS,02130561,2018-10-07 20:45,EDT,58.72,P
USGS,02130561,2018-10-07 21:00,EDT,58.68,P
USGS,02130561,2018-10-07 21:15,EDT,58.64,P
USGS,02130561,2018-10-07 21:30,EDT,58.61,P
USGS,02130561,2018-10-07 21:45,EDT,58.57,P
USGS,02130561,2018-10-07 22:00,EDT,58.52,P
USGS,02130561,2018-10-07 22:15,EDT,58.49,P
USGS,02130561,2018-10-07 22:30,EDT,58.45,P
USGS,02130561,2018-10-07 22:45,EDT,58.41,P
USGS,02130561,2018-10-07 23:00,EDT,58.37,P
USGS,02130561,2018-10-07 23:15,EDT,58.32,P
USGS,02130561,2018-10-07 23:30,EDT,58.27,P
USGS,02130561,2018-10-07 23:45,EDT,58.22,P
USGS,02130561,2018-10-08 00:00,EDT,58.18,P
USGS,02130561,2018-10-08 00:15,EDT,58.13,P
USGS,02130561,2018-10-08 00:30,EDT,58.08,P
USGS,02130561,2018-10-08 00:45,EDT,58.03,P
USGS,02130561,2018-10-08 01:00,EDT,57.98,P
USGS,02130561,2018-10-08 01:15,EDT,57.94,P
USGS,02130561,2018-10-08 01:30,EDT,57.88,P
USGS,02130561,2018-10-08 01:45,EDT,57.84,P
USGS,02130561,2018-10-08 02:00,EDT,57.78,P
USGS,02130561,2018-10-08 02:15,EDT,57.73,P
USGS,02130561,2018-10-08 02:30,EDT,57.69,P
USGS,02130561,2018-10-08 02:45,EDT,57.63,P
USGS,02130561,2018-10-08 03:00,EDT,57.58,P
USGS,02130561,2018-10-08 03:15,EDT,57.53,P
USGS,02130561,2018-10-08 03:30,EDT,57.48,P
USGS,02130561,2018-10-08 03:45,EDT,57.42,P
USGS,02130561,2018-10-08 04:00,EDT,57.37,P
USGS,02130561,2018-10-08 04:15,EDT,57.32,P
USGS,02130561,2018-10-08 04:30,EDT,57.27,P
USGS,02130561,2018-10-08 04:45,EDT,57.22,P
USGS,02130561,2018-10-08 05:00,EDT,57.17,P
USGS,02130561,2018-10-08 05:15,EDT,57.13,P
USGS,02130561,2018-10-08 05:30,EDT,57.07,P
USGS,02130561,2018-10-08 05:45,EDT,57.03,P
USGS,02130561,2018-10-08 06:00,EDT,56.97,P
USGS,02130561,2018-10-08 06:15,EDT,56.93,P
USGS,02130561,2018-10-08 06:30,EDT,56.88,P
USGS,02130561,2018-10-08 06:45,EDT,56.83,P
USGS,02130561,2018-10-08 07:00,EDT,56.79,P
USGS,02130561,2018-10-08 07:15,EDT,56.73,P
USGS,02130561,2018-10-08 07:30,EDT,56.69,P
USGS,02130561,2018-10-08 07:45,EDT,56.65,P
USGS,02130561,2018-10-08 08:00,EDT,56.60,P
USGS,02130561,2018-10-08 08:15,EDT,56.56,P
USGS,02130561,2018-10-08 08:30,EDT,56.51,P
USGS,02130561,2018-10-08 08:45,EDT,56.47,P
USGS,02130561,2018-10-08 09:00,EDT,56.44,P
USGS,02130561,2018-10-08 09:15,EDT,56.41,P
USGS,02130561,2018-10-08 09:30,EDT,56.38,P
USGS,02130561,2018-10-08 09:45,EDT,56.35,P
USGS,02130561,2018-10-08 10:00,EDT,56.35,P
USGS,02130561,2018-10-08 10:15,EDT,56.34,P
USGS,02130561,2018-10-08 10:30,EDT,56.35,P
USGS,02130561,2018-10-08 10:45,EDT,56.38,P
USGS,02130561,2018-10-08 11:00,EDT,56.41,P
USGS,02130561,2018-10-08 11:15,EDT,56.45,P
USGS,02130561,2018-10-08 11:30,EDT,56.51,P
USGS,02130561,2018-10-08 11:45,EDT,56.57,P
USGS,02130561,2018-10-08 12:00,EDT,56.64,P
USGS,02130561,2018-10-08 12:15,EDT,56.72,P
USGS,02130561,2018-10-08 12:30,EDT,56.82,P
USGS,02130561,2018-10-08 12:45,EDT,56.92,P
USGS,02130561,2018-10-08 13:00,EDT,57.02,P
USGS,02130561,2018-10-08 13:15,EDT,57.11,P
USGS,02130561,2018-10-08 13:30,EDT,57.22,P
USGS,02130561,2018-10-08 13:45,EDT,57.31,P
USGS,02130561,2018-10-08 14:00,EDT,57.39,P
USGS,02130561,2018-10-08 14:15,EDT,57.48,P
USGS,02130561,2018-10-08 14:30,EDT,57.56,P
USGS,02130561,2018-10-08 14:45,EDT,57.63,P
USGS,02130561,2018-10-08 15:00,EDT,57.73,P
USGS,02130561,2018-10-08 15:15,EDT,57.79,P
USGS,02130561,2018-10-08 15:30,EDT,57.86,P
USGS,02130561,2018-10-08 15:45,EDT,57.91,P
USGS,02130561,2018-10-08 16:00,EDT,57.95,P
USGS,02130561,2018-10-08 16:15,EDT,58.00,P
USGS,02130561,2018-10-08 16:30,EDT,58.05,P
USGS,02130561,2018-10-08 16:45,EDT,58.09,P
USGS,02130561,2018-10-08 17:00,EDT,58.12,P
USGS,02130561,2018-10-08 17:15,EDT,58.15,P
USGS,02130561,2018-10-08 17:30,EDT,58.18,P
USGS,02130561,2018-10-08 17:45,EDT,58.20,P
USGS,02130561,2018-10-08 18:00,EDT,58.21,P
USGS,02130561,2018-10-08 18:15,EDT,58.22,P
USGS,02130561,2018-10-08 18:30,EDT,58.23,P
USGS,02130561,2018-10-08 18:45,EDT,58.23,P
USGS,02130561,2018-10-08 19:00,EDT,58.24,P
USGS,02130561,2018-10-08 19:15,EDT,58.23,P
USGS,02130561,2018-10-08 19:30,EDT,58.23,P
USGS,02130561,2018-10-08 19:45,EDT,58.22,P
USGS,02130561,2018-10-08 20:00,EDT,58.21,P
USGS,02130561,2018-10-08 20:15,EDT,58.19,P
USGS,02130561,2018-10-08 20:30,EDT,58.18,P
USGS,02130561,2018-10-08 20:45,EDT,58.16,P
USGS,02130561,2018-10-08 21:00,EDT,58.14,P
USGS,02130561,2018-10-08 21:15,EDT,58.11,P
USGS,02130561,2018-10-08 21:30,EDT,58.09,P
USGS,02130561,2018-10-08 21:45,EDT,58.07,P
USGS,02130561,2018-10-08 22:00,EDT,58.03,P
USGS,02130561,2018-10-08 22:15,EDT,58.01,P
USGS,02130561,2018-10-08 22:30,EDT,57.97,P
USGS,02130561,2018-10-08 22:45,EDT,57.94,P
USGS,02130561,2018-10-08 23:00,EDT,57.91,P
USGS,02130561,2018-10-08 23:15,EDT,57.87,P
USGS,02130561,2018-10-08 23:30,EDT,57.83,P
USGS,02130561,2018-10-08 23:45,EDT,57.80,P
USGS,02130561,2018-10-09 00:00,EDT,57.76,P
USGS,02130561,2018-10-09 00:15,EDT,57.72,P
USGS,02130561,2018-10-09 00:30,EDT,57.68,P
USGS,02130561,2018-10-09 00:45,EDT,57.64,P
USGS,02130561,2018-10-09 01:00,EDT,57.60,P
USGS,02130561,2018-10-09 01:15,EDT,57.55,P
USGS,02130561,2018-10-09 01:30,EDT,57.51,P
USGS,02130561,2018-10-09 01:45,EDT,57.47,P
USGS,02130561,2018-10-09 02:00,EDT,57.43,P
USGS,02130561,2018-10-09 02:15,EDT,57.38,P
USGS,02130561,2018-10-09 02:30,EDT,57.34,P
USGS,02130561,2018-10-09 02:45,EDT,57.29,P
USGS,02130561,2018-10-09 03:00,EDT,57.25,P
USGS,02130561,2018-10-09 03:15,EDT,57.21,P
USGS,02130561,2018-10-09 03:30,EDT,57.16,P
USGS,02130561,2018-10-09 03:45,EDT,57.12,P
USGS,02130561,2018-10-09 04:00,EDT,57.07,P
USGS,02130561,2018-10-09 04:15,EDT,57.03,P
USGS,02130561,2018-10-09 04:30,EDT,56.98,P
USGS,02130561,2018-10-09 04:45,EDT,56.94,P
USGS,02130561,2018-10-09 05:00,EDT,56.89,P
USGS,02130561,2018-10-09 05:15,EDT,56.85,P
USGS,02130561,2018-10-09 05:30,EDT,56.80,P
USGS,02130561,2018-10-09 05:45,EDT,56.76,P
USGS,02130561,2018-10-09 06:00,EDT,56.72,P
USGS,02130561,2018-10-09 06:15,EDT,56.67,P
USGS,02130561,2018-10-09 06:30,EDT,56.63,P
USGS,02130561,2018-10-09 06:45,EDT,56.59,P
USGS,02130561,2018-10-09 07:00,EDT,56.55,P
USGS,02130561,2018-10-09 07:15,EDT,56.50,P
USGS,02130561,2018-10-09 07:30,EDT,56.46,P
USGS,02130561,2018-10-09 07:45,EDT,56.43,P
USGS,02130561,2018-10-09 08:00,EDT,56.40,P
USGS,02130561,2018-10-09 08:15,EDT,56.36,P
USGS,02130561,2018-10-09 08:30,EDT,56.34,P
USGS,02130561,2018-10-09 08:45,EDT,56.33,P
USGS,02130561,2018-10-09 09:00,EDT,56.31,P
USGS,02130561,2018-10-09 09:15,EDT,56.31,P
USGS,02130561,2018-10-09 09:30,EDT,56.33,P
USGS,02130561,2018-10-09 09:45,EDT,56.35,P
USGS,02130561,2018-10-09 10:00,EDT,56.39,P
USGS,02130561,2018-10-09 10:15,EDT,56.45,P
USGS,02130561,2018-10-09 10:30,EDT,56.50,P
USGS,02130561,2018-10-09 10:45,EDT,56.58,P
USGS,02130561,2018-10-09 11:00,EDT,56.66,P
USGS,02130561,2018-10-09 11:15,EDT,56.76,P
USGS,02130561,2018-10-09 11:30,EDT,56.86,P
USGS,02130561,2018-10-09 11:45,EDT,56.96,P
USGS,02130561,2018-10-09 12:00,EDT,57.08,P
USGS,02130561,2018-10-09 12:15,EDT,57.20,P
USGS,02130561,2018-10-09 12:30,EDT,57.32,P
USGS,02130561,2018-10-09 12:45,EDT,57.43,P
USGS,02130561,2018-10-09 13:00,EDT,57.55,P
USGS,02130561,2018-10-09 13:15,EDT,57.66,P
USGS,02130561,2018-10-09 13:30,EDT,57.76,P
USGS,02130561,2018-10-09 13:45,EDT,57.86,P
USGS,02130561,2018-10-09 14:00,EDT,57.96,P
USGS,02130561,2018-10-09 14:15,EDT,58.04,P
USGS,02130561,2018-10-09 14:30,EDT,58.13,P
USGS,02130561,2018-10-09 14:45,EDT,58.20,P
USGS,02130561,2018-10-09 15:00,EDT,58.27,P
USGS,02130561,2018-10-09 15:15,EDT,58.34,P
USGS,02130561,2018-10-09 15:30,EDT,58.40,P
USGS,02130561,2018-10-09 15:45,EDT,58.45,P
USGS,02130561,2018-10-09 16:00,EDT,58.50,P
USGS,02130561,2018-10-09 16:15,EDT,58.55,P
USGS,02130561,2018-10-09 16:30,EDT,58.57,P
USGS,02130561,2018-10-09 16:45,EDT,58.61,P
USGS,02130561,2018-10-09 17:00,EDT,58.63,P
USGS,02130561,2018-10-09 17:15,EDT,58.66,P
USGS,02130561,2018-10-09 17:30,EDT,58.67,P
USGS,02130561,2018-10-09 17:45,EDT,58.69,P
USGS,02130561,2018-10-09 18:00,EDT,58.69,P
USGS,02130561,2018-10-09 18:15,EDT,58.69,P
USGS,02130561,2018-10-09 18:30,EDT,58.70,P
USGS,02130561,2018-10-09 18:45,EDT,58.69,P
USGS,02130561,2018-10-09 19:00,EDT,58.68,P
USGS,02130561,2018-10-09 19:15,EDT,58.68,P
USGS,02130561,2018-10-09 19:30,EDT,58.66,P
USGS,02130561,2018-10-09 19:45,EDT,58.64,P
USGS,02130561,2018-10-09 20:00,EDT,58.62,P
USGS,02130561,2018-10-09 20:15,EDT,58.60,P
USGS,02130561,2018-10-09 20:30,EDT,58.58,P
USGS,02130561,2018-10-09 20:45,EDT,58.55,P
USGS,02130561,2018-10-09 21:00,EDT,58.53,P
USGS,02130561,2018-10-09 21:15,EDT,58.50,P
USGS,02130561,2018-10-09 21:30,EDT,58.47,P
USGS,02130561,2018-10-09 21:45,EDT,58.43,P
USGS,02130561,2018-10-09 22:00,EDT,58.40,P
USGS,02130561,2018-10-09 22:15,EDT,58.36,P
USGS,02130561,2018-10-09 22:30,EDT,58.33,P
USGS,02130561,2018-10-09 22:45,EDT,58.29,P
USGS,02130561,2018-10-09 23:00,EDT,58.25,P
USGS,02130561,2018-10-09 23:15,EDT,58.20,P
USGS,02130561,2018-10-09 23:30,EDT,58.17,P
USGS,02130561,2018-10-09 23:45,EDT,58.12,P
USGS,02130561,2018-10-10 00:00,EDT,58.08,P
USGS,02130561,2018-10-10 00:15,EDT,58.04,P
USGS,02130561,2018-10-10 00:30,EDT,57.98,P
USGS,02130561,2018-10-10 00:45,EDT,57.94,P
USGS,02130561,2018-10-10 01:00,EDT,57.90,P
USGS,02130561,2018-10-10 01:15,EDT,57.85,P
USGS,02130561,2018-10-10 01:30,EDT,57.80,P
USGS,02130561,2018-10-10 01:45,EDT,57.75,P
USGS,02130561,2018-10-10 02:00,EDT,57.70,P
USGS,02130561,2018-10-10 02:15,EDT,57.66,P
USGS,02130561,2018-10-10 02:30,EDT,57.61,P
USGS,02130561,2018-10-10 02:45,EDT,57.55,P
USGS,02130561,2018-10-10 03:00,EDT,57.51,P
USGS,02130561,2018-10-10 03:15,EDT,57.46,P
USGS,02130561,2018-10-10 03:30,EDT,57.41,P
USGS,02130561,2018-10-10 03:45,EDT,57.36,P
USGS,02130561,2018-10-10 04:00,EDT,57.31,P
USGS,02130561,2018-10-10 04:15,EDT,57.26,P
USGS,02130561,2018-10-10 04:30,EDT,57.22,P
USGS,02130561,2018-10-10 04:45,EDT,57.16,P
USGS,02130561,2018-10-10 05:00,EDT,57.12,P
USGS,02130561,2018-10-10 05:15,EDT,57.06,P
USGS,02130561,2018-10-10 05:30,EDT,57.02,P
USGS,02130561,2018-10-10 05:45,EDT,56.98,P
USGS,02130561,2018-10-10 06:00,EDT,56.93,P
USGS,02130561,2018-10-10 06:15,EDT,56.88,P
USGS,02130561,2018-10-10 06:30,EDT,56.83,P
USGS,02130561,2018-10-10 06:45,EDT,56.79,P
USGS,02130561,2018-10-10 07:00,EDT,56.76,P
USGS,02130561,2018-10-10 07:15,EDT,56.71,P
USGS,02130561,2018-10-10 07:30,EDT,56.67,P
USGS,02130561,2018-10-10 07:45,EDT,56.65,P
USGS,02130561,2018-10-10 08:00,EDT,56.63,P
USGS,02130561,2018-10-10 08:15,EDT,56.61,P
USGS,02130561,2018-10-10 08:30,EDT,56.60,P
USGS,02130561,2018-10-10 08:45,EDT,56.60,P
USGS,02130561,2018-10-10 09:00,EDT,56.63,P
USGS,02130561,2018-10-10 09:15,EDT,56.66,P
USGS,02130561,2018-10-10 09:30,EDT,56.73,P
USGS,02130561,2018-10-10 09:45,EDT,56.84,P
USGS,02130561,2018-10-10 10:00,EDT,56.91,P
USGS,02130561,2018-10-10 10:15,EDT,57.01,P
USGS,02130561,2018-10-10 10:30,EDT,57.13,P
USGS,02130561,2018-10-10 10:45,EDT,57.26,P
USGS,02130561,2018-10-10 11:00,EDT,57.42,P
USGS,02130561,2018-10-10 11:15,EDT,57.58,P
USGS,02130561,2018-10-10 11:30,EDT,57.77,P
USGS,02130561,2018-10-10 11:45,EDT,57.96,P
USGS,02130561,2018-10-10 12:00,EDT,58.15,P
USGS,02130561,2018-10-10 12:15,EDT,58.34,P
USGS,02130561,2018-10-10 12:30,EDT,58.54,P
USGS,02130561,2018-10-10 12:45,EDT,58.73,P
USGS,02130561,2018-10-10 13:00,EDT,58.92,P
USGS,02130561,2018-10-10 13:15,EDT,59.09,P
USGS,02130561,2018-10-10 13:30,EDT,59.28,P
USGS,02130561,2018-10-10 13:45,EDT,59.44,P
USGS,02130561,2018-10-10 14:00,EDT,59.60,P
USGS,02130561,2018-10-10 14:15,EDT,59.76,P
USGS,02130561,2018-10-10 14:30,EDT,59.89,P
USGS,02130561,2018-10-10 14:45,EDT,60.03,P
USGS,02130561,2018-10-10 15:00,EDT,60.16,P
USGS,02130561,2018-10-10 15:15,EDT,60.27,P
USGS,02130561,2018-10-10 15:30,EDT,60.38,P
USGS,02130561,2018-10-10 15:45,EDT,60.49,P
USGS,02130561,2018-10-10 16:00,EDT,60.58,P
USGS,02130561,2018-10-10 16:15,EDT,60.67,P
USGS,02130561,2018-10-10 16:30,EDT,60.76,P
USGS,02130561,2018-10-10 16:45,EDT,60.84,P
USGS,02130561,2018-10-10 17:00,EDT,60.91,P
USGS,02130561,2018-10-10 17:15,EDT,60.98,P
USGS,02130561,2018-10-10 17:30,EDT,61.03,P
USGS,02130561,2018-10-10 17:45,EDT,61.09,P
USGS,02130561,2018-10-10 18:00,EDT,61.12,P
USGS,02130561,2018-10-10 18:15,EDT,61.17,P
USGS,02130561,2018-10-10 18:30,EDT,61.19,P
USGS,02130561,2018-10-10 18:45,EDT,61.22,P
USGS,02130561,2018-10-10 19:00,EDT,61.25,P
USGS,02130561,2018-10-10 19:15,EDT,61.27,P
USGS,02130561,2018-10-10 19:30,EDT,61.31,P
USGS,02130561,2018-10-10 19:45,EDT,61.31,P
USGS,02130561,2018-10-10 20:00,EDT,61.34,P
USGS,02130561,2018-10-10 20:15,EDT,61.35,P
USGS,02130561,2018-10-10 20:30,EDT,61.36,P
USGS,02130561,2018-10-10 20:45,EDT,61.37,P
USGS,02130561,2018-10-10 21:00,EDT,61.38,P
USGS,02130561,2018-10-10 21:15,EDT,61.38,P
USGS,02130561,2018-10-10 21:30,EDT,61.38,P
USGS,02130561,2018-10-10 21:45,EDT,61.37,P
USGS,02130561,2018-10-10 22:00,EDT,61.38,P
USGS,02130561,2018-10-10 22:15,EDT,61.38,P
USGS,02130561,2018-10-10 22:30,EDT,61.36,P
USGS,02130561,2018-10-10 22:45,EDT,61.34,P
USGS,02130561,2018-10-10 23:00,EDT,61.34,P
USGS,02130561,2018-10-10 23:15,EDT,61.32,P
USGS,02130561,2018-10-10 23:30,EDT,61.30,P
USGS,02130561,2018-10-10 23:45,EDT,61.29,P
USGS,02130561,2018-10-11 00:00,EDT,61.27,P
USGS,02130561,2018-10-11 00:15,EDT,61.24,P
USGS,02130561,2018-10-11 00:30,EDT,61.22,P
USGS,02130561,2018-10-11 00:45,EDT,61.20,P
USGS,02130561,2018-10-11 01:00,EDT,61.19,P
USGS,02130561,2018-10-11 01:15,EDT,61.17,P
USGS,02130561,2018-10-11 01:30,EDT,61.16,P
USGS,02130561,2018-10-11 01:45,EDT,61.14,P
USGS,02130561,2018-10-11 02:00,EDT,61.12,P
USGS,02130561,2018-10-11 02:15,EDT,61.12,P
USGS,02130561,2018-10-11 02:30,EDT,61.12,P
USGS,02130561,2018-10-11 02:45,EDT,61.12,P
USGS,02130561,2018-10-11 03:00,EDT,61.13,P
USGS,02130561,2018-10-11 03:15,EDT,61.15,P
USGS,02130561,2018-10-11 03:30,EDT,61.18,P
USGS,02130561,2018-10-11 03:45,EDT,61.22,P
USGS,02130561,2018-10-11 04:00,EDT,61.27,P
USGS,02130561,2018-10-11 04:15,EDT,61.34,P
USGS,02130561,2018-10-11 04:30,EDT,61.42,P
USGS,02130561,2018-10-11 04:45,EDT,61.51,P
USGS,02130561,2018-10-11 05:00,EDT,61.61,P
USGS,02130561,2018-10-11 05:15,EDT,61.72,P
USGS,02130561,2018-10-11 05:30,EDT,61.86,P
USGS,02130561,2018-10-11 05:45,EDT,61.99,P
USGS,02130561,2018-10-11 06:00,EDT,62.15,P
USGS,02130561,2018-10-11 06:15,EDT,62.29,P
USGS,02130561,2018-10-11 06:30,EDT,62.46,P
USGS,02130561,2018-10-11 06:45,EDT,62.63,P
USGS,02130561,2018-10-11 07:00,EDT,62.81,P
USGS,02130561,2018-10-11 07:15,EDT,62.99,P
USGS,02130561,2018-10-11 07:30,EDT,63.16,P
USGS,02130561,2018-10-11 07:45,EDT,63.34,P
USGS,02130561,2018-10-11 08:00,EDT,63.50,P
USGS,02130561,2018-10-11 08:15,EDT,63.68,P
USGS,02130561,2018-10-11 08:30,EDT,63.85,P
USGS,02130561,2018-10-11 08:45,EDT,64.01,P
USGS,02130561,2018-10-11 09:00,EDT,64.16,P
USGS,02130561,2018-10-11 09:15,EDT,64.34,P
USGS,02130561,2018-10-11 09:30,EDT,64.51,P
USGS,02130561,2018-10-11 09:45,EDT,64.67,P
USGS,02130561,2018-10-11 10:00,EDT,64.85,P
USGS,02130561,2018-10-11 10:15,EDT,65.02,P
USGS,02130561,2018-10-11 10:30,EDT,65.19,P
USGS,02130561,2018-10-11 10:45,EDT,65.35,P
USGS,02130561,2018-10-11 11:00,EDT,65.53,P
USGS,02130561,2018-10-11 11:15,EDT,65.71,P
USGS,02130561,2018-10-11 11:30,EDT,65.87,P
USGS,02130561,2018-10-11 11:45,EDT,66.02,P
USGS,02130561,2018-10-11 12:00,EDT,66.21,P
USGS,02130561,2018-10-11 12:15,EDT,66.40,P
USGS,02130561,2018-10-11 12:30,EDT,66.56,P
USGS,02130561,2018-10-11 12:45,EDT,66.76,P
USGS,02130561,2018-10-11 13:00,EDT,66.96,P
USGS,02130561,2018-10-11 13:15,EDT,67.17,P
USGS,02130561,2018-10-11 13:30,EDT,67.36,P
USGS,02130561,2018-10-11 13:45,EDT,67.52,P
USGS,02130561,2018-10-11 14:00,EDT,67.73,P
USGS,02130561,2018-10-11 14:15,EDT,67.96,P
USGS,02130561,2018-10-11 14:30,EDT,68.17,P
USGS,02130561,2018-10-11 14:45,EDT,68.39,P
USGS,02130561,2018-10-11 15:00,EDT,68.61,P
USGS,02130561,2018-10-11 15:15,EDT,68.80,P
USGS,02130561,2018-10-11 15:30,EDT,68.98,P
USGS,02130561,2018-10-11 15:45,EDT,69.22,P
USGS,02130561,2018-10-11 16:00,EDT,69.42,P
USGS,02130561,2018-10-11 16:15,EDT,69.63,P
USGS,02130561,2018-10-11 16:30,EDT,69.84,P
USGS,02130561,2018-10-11 16:45,EDT,70.04,P
USGS,02130561,2018-10-11 17:00,EDT,70.24,P
USGS,02130561,2018-10-11 17:15,EDT,70.45,P
USGS,02130561,2018-10-11 17:30,EDT,70.69,P
USGS,02130561,2018-10-11 17:45,EDT,70.91,P
USGS,02130561,2018-10-11 18:00,EDT,71.10,P
USGS,02130561,2018-10-11 18:15,EDT,71.35,P
USGS,02130561,2018-10-11 18:30,EDT,71.56,P
USGS,02130561,2018-10-11 18:45,EDT,71.76,P
USGS,02130561,2018-10-11 19:00,EDT,71.98,P
USGS,02130561,2018-10-11 19:15,EDT,72.20,P
USGS,02130561,2018-10-11 19:30,EDT,72.42,P
USGS,02130561,2018-10-11 19:45,EDT,72.64,P
USGS,02130561,2018-10-11 20:00,EDT,72.85,P
USGS,02130561,2018-10-11 20:15,EDT,73.08,P
USGS,02130561,2018-10-11 20:30,EDT,73.31,P
USGS,02130561,2018-10-11 20:45,EDT,73.50,P
USGS,02130561,2018-10-11 21:00,EDT,73.78,P
USGS,02130561,2018-10-11 21:15,EDT,74.00,P
USGS,02130561,2018-10-11 21:30,EDT,74.22,P
USGS,02130561,2018-10-11 21:45,EDT,74.48,P
USGS,02130561,2018-10-11 22:00,EDT,74.72,P
USGS,02130561,2018-10-11 22:15,EDT,74.95,P
USGS,02130561,2018-10-11 22:30,EDT,75.19,P
USGS,02130561,2018-10-11 22:45,EDT,75.47,P
USGS,02130561,2018-10-11 23:00,EDT,75.74,P
USGS,02130561,2018-10-11 23:15,EDT,76.03,P
USGS,02130561,2018-10-11 23:30,EDT,76.20,P
USGS,02130561,2018-10-11 23:45,EDT,76.40,P
USGS,02130561,2018-10-12 00:00,EDT,76.55,P
USGS,02130561,2018-10-12 00:15,EDT,76.96,P
USGS,02130561,2018-10-12 00:30,EDT,77.15,P
USGS,02130561,2018-10-12 00:45,EDT,77.24,P
